event_id,home_team,away_team,match_date,match_time,competition,round,status,home_score,away_score,season,updated_at,referee_name
11368591,Athletic Club,Real Betis,2023-08-27,19:30:00,La Liga,3,finished,4.0,2.0,2023/24,2026-03-20 10:36:18.991+00,
11368592,Villarreal,Barcelona,2023-08-27,15:30:00,La Liga,3,finished,3.0,4.0,2023/24,2026-03-20 10:35:18.624+00,
11368593,Celta Vigo,Real Madrid,2023-08-25,19:30:00,La Liga,3,finished,0.0,1.0,2023/24,2026-03-20 10:35:38.752+00,
11368594,Girona FC,Getafe,2023-08-20,17:00:00,La Liga,2,finished,3.0,0.0,2023/24,2026-03-20 10:36:42.058+00,
11368595,Barcelona,Cádiz,2023-08-20,17:30:00,La Liga,2,finished,2.0,0.0,2023/24,2026-03-20 10:34:55.152+00,
11368596,Sevilla,Girona FC,2023-08-26,19:30:00,La Liga,3,finished,1.0,2.0,2023/24,2026-03-20 10:37:09.607+00,
11368597,Real Betis,Atlético Madrid,2023-08-20,19:30:00,La Liga,2,finished,0.0,0.0,2023/24,2026-03-20 10:35:27.458+00,
11368598,Mallorca,Villarreal,2023-08-18,17:30:00,La Liga,2,finished,0.0,1.0,2023/24,2026-03-20 10:37:22.734+00,
11368599,Getafe,Deportivo Alavés,2023-08-28,17:30:00,La Liga,3,finished,1.0,0.0,2023/24,2026-03-20 10:37:33.047+00,
11368600,Valencia,Las Palmas,2023-08-18,19:30:00,La Liga,2,finished,1.0,0.0,2023/24,2026-03-20 10:36:57.117+00,
11368601,Deportivo Alavés,Sevilla,2023-08-21,17:00:00,La Liga,2,finished,4.0,3.0,2023/24,2026-03-20 10:37:33.047+00,
11368602,Granada,Mallorca,2023-08-26,17:30:00,La Liga,3,finished,3.0,2.0,2023/24,2026-03-20 10:37:22.734+00,
11368603,Osasuna,Athletic Club,2023-08-19,19:30:00,La Liga,2,finished,0.0,2.0,2023/24,2026-03-20 10:36:31.019+00,
11368604,Valencia,Osasuna,2023-08-27,17:30:00,La Liga,3,finished,1.0,2.0,2023/24,2026-03-20 10:36:57.117+00,
11368605,Real Sociedad,Celta Vigo,2023-08-19,15:00:00,La Liga,2,finished,1.0,1.0,2023/24,2026-03-20 10:35:49.709+00,
11368606,Granada,Rayo Vallecano,2023-08-21,19:30:00,La Liga,2,finished,0.0,2.0,2023/24,2026-03-20 10:36:47.936+00,
11368607,Rayo Vallecano,Atlético Madrid,2023-08-28,19:30:00,La Liga,3,finished,0.0,7.0,2023/24,2026-03-20 10:36:47.936+00,
11368608,Las Palmas,Real Sociedad,2023-08-25,17:30:00,La Liga,3,finished,0.0,0.0,2023/24,2026-03-20 10:35:49.69+00,
11368609,Almería,Real Madrid,2023-08-19,17:30:00,La Liga,2,finished,1.0,3.0,2023/24,2026-03-20 10:35:01.904+00,
11368614,Girona FC,Granada,2024-05-24,19:00:00,La Liga,38,finished,7.0,0.0,2023/24,2026-03-20 10:36:41.751+00,
11368615,Celta Vigo,Valencia,2024-05-26,14:15:00,La Liga,38,finished,2.0,2.0,2023/24,2026-03-20 10:36:56.785+00,
11368616,Real Madrid,Deportivo Alavés,2024-05-14,19:30:00,La Liga,36,finished,5.0,0.0,2023/24,2026-03-20 10:37:32.919+00,
11368617,Sevilla,Barcelona,2024-05-26,19:00:00,La Liga,38,finished,1.0,2.0,2023/24,2026-03-20 10:37:09.402+00,
11368618,Getafe,Mallorca,2024-05-26,12:00:00,La Liga,38,finished,1.0,2.0,2023/24,2026-03-20 10:37:22.4+00,
11368619,Villarreal,Real Madrid,2024-05-19,17:00:00,La Liga,37,finished,4.0,4.0,2023/24,2026-03-20 10:35:18.582+00,
11368620,Real Madrid,Real Betis,2024-05-25,19:00:00,La Liga,38,finished,0.0,0.0,2023/24,2026-03-20 10:35:27.283+00,
11368622,Rayo Vallecano,Athletic Club,2024-05-25,16:30:00,La Liga,38,finished,0.0,1.0,2023/24,2026-03-20 10:36:47.894+00,
11368623,Real Sociedad,Atlético Madrid,2024-05-25,14:15:00,La Liga,38,finished,0.0,2.0,2023/24,2026-03-20 10:35:49.649+00,
11368624,Athletic Club,Sevilla,2024-05-19,17:00:00,La Liga,37,finished,2.0,0.0,2023/24,2026-03-20 10:37:09.402+00,
11368625,Osasuna,Villarreal,2024-05-25,12:00:00,La Liga,38,finished,1.0,1.0,2023/24,2026-03-20 10:36:30.652+00,
11368626,Osasuna,Mallorca,2024-05-14,17:30:00,La Liga,36,finished,1.0,1.0,2023/24,2026-03-20 10:37:22.4+00,
11368627,Granada,Celta Vigo,2024-05-19,17:00:00,La Liga,37,finished,1.0,2.0,2023/24,2026-03-20 10:35:38.57+00,
11368628,Deportivo Alavés,Getafe,2024-05-18,19:00:00,La Liga,37,finished,1.0,0.0,2023/24,2026-03-20 10:37:32.919+00,
11368629,Real Betis,Almería,2024-05-12,19:00:00,La Liga,35,finished,3.0,2.0,2023/24,2026-03-20 10:35:27.283+00,
11368630,Barcelona,Real Sociedad,2024-05-13,19:00:00,La Liga,35,finished,2.0,0.0,2023/24,2026-03-20 10:35:49.649+00,
11368631,Rayo Vallecano,Granada,2024-05-15,17:30:00,La Liga,36,finished,2.0,1.0,2023/24,2026-03-20 10:36:47.894+00,
11368632,Las Palmas,Deportivo Alavés,2024-05-26,14:15:00,La Liga,38,finished,1.0,1.0,2023/24,2026-03-20 10:37:32.919+00,
11368633,Deportivo Alavés,Girona FC,2024-05-10,19:00:00,La Liga,35,finished,2.0,2.0,2023/24,2026-03-20 10:37:32.919+00,
11368634,Granada,Real Madrid,2024-05-11,16:30:00,La Liga,35,finished,0.0,4.0,2023/24,2026-03-20 10:35:01.82+00,
11368635,Mallorca,Almería,2024-05-19,17:00:00,La Liga,37,finished,2.0,2.0,2023/24,2026-03-20 10:37:22.4+00,
11368636,Cádiz,Getafe,2024-05-12,12:00:00,La Liga,35,finished,1.0,0.0,2023/24,2026-03-20 10:36:11.527+00,
11368637,Real Betis,Real Sociedad,2024-05-19,17:00:00,La Liga,37,finished,0.0,2.0,2023/24,2026-03-20 10:35:49.649+00,
11368638,Valencia,Girona FC,2024-05-19,17:00:00,La Liga,37,finished,1.0,3.0,2023/24,2026-03-20 10:36:56.785+00,
11368640,Atlético Madrid,Osasuna,2024-05-19,17:00:00,La Liga,37,finished,1.0,4.0,2023/24,2026-03-20 10:36:30.652+00,
11368641,Valencia,Rayo Vallecano,2024-05-12,16:30:00,La Liga,35,finished,0.0,0.0,2023/24,2026-03-20 10:36:56.785+00,
11368642,Barcelona,Rayo Vallecano,2024-05-19,17:00:00,La Liga,37,finished,3.0,0.0,2023/24,2026-03-20 10:36:47.894+00,
11368643,Mallorca,Las Palmas,2024-05-11,12:00:00,La Liga,35,finished,1.0,0.0,2023/24,2026-03-20 10:37:22.4+00,
11368644,Villarreal,Sevilla,2024-05-11,14:15:00,La Liga,35,finished,3.0,2.0,2023/24,2026-03-20 10:37:09.402+00,
11368645,Almería,Barcelona,2024-05-16,19:30:00,La Liga,36,finished,0.0,2.0,2023/24,2026-03-20 10:34:55.086+00,
11368646,Getafe,Atlético Madrid,2024-05-15,20:00:00,La Liga,36,finished,0.0,3.0,2023/24,2026-03-20 10:36:11.527+00,
11368647,Girona FC,Villarreal,2024-05-14,20:00:00,La Liga,36,finished,0.0,1.0,2023/24,2026-03-20 10:36:41.751+00,
11368648,Real Sociedad,Valencia,2024-05-16,20:00:00,La Liga,36,finished,1.0,0.0,2023/24,2026-03-20 10:36:56.785+00,
11368649,Las Palmas,Real Betis,2024-05-16,17:30:00,La Liga,36,finished,2.0,2.0,2023/24,2026-03-20 10:35:27.283+00,
11368650,Celta Vigo,Athletic Club,2024-05-15,20:00:00,La Liga,36,finished,2.0,1.0,2023/24,2026-03-20 10:36:18.948+00,
11368651,Las Palmas,Girona FC,2024-04-27,12:00:00,La Liga,33,finished,0.0,2.0,2023/24,2026-03-20 10:36:41.892+00,
11368652,Villarreal,Rayo Vallecano,2024-04-28,16:30:00,La Liga,33,finished,3.0,0.0,2023/24,2026-03-20 10:36:47.894+00,
11368653,Real Sociedad,Real Madrid,2024-04-26,19:00:00,La Liga,33,finished,0.0,1.0,2023/24,2026-03-20 10:35:49.649+00,
11368654,Celta Vigo,Villarreal,2024-05-05,14:15:00,La Liga,34,finished,3.0,2.0,2023/24,2026-03-20 10:35:38.57+00,
11368655,Sevilla,Cádiz,2024-05-15,17:30:00,La Liga,36,finished,0.0,1.0,2023/24,2026-03-20 10:37:09.402+00,
11368656,Getafe,Athletic Club,2024-05-03,19:00:00,La Liga,34,finished,0.0,2.0,2023/24,2026-03-20 10:36:18.948+00,
11368657,Athletic Club,Osasuna,2024-05-11,19:00:00,La Liga,35,finished,2.0,2.0,2023/24,2026-03-20 10:36:30.652+00,
11368658,Rayo Vallecano,Almería,2024-05-05,19:00:00,La Liga,34,finished,0.0,1.0,2023/24,2026-03-20 10:36:47.894+00,
11368659,Real Madrid,Cádiz,2024-05-04,14:15:00,La Liga,34,finished,3.0,0.0,2023/24,2026-03-20 10:35:01.862+00,
11368660,Valencia,Deportivo Alavés,2024-05-05,16:30:00,La Liga,34,finished,0.0,1.0,2023/24,2026-03-20 10:37:32.919+00,
11368661,Sevilla,Granada,2024-05-05,19:00:00,La Liga,34,finished,3.0,0.0,2023/24,2026-03-20 10:37:09.402+00,
11368662,Getafe,Real Sociedad,2024-04-21,12:00:00,La Liga,32,finished,1.0,1.0,2023/24,2026-03-20 10:36:11.527+00,
11368663,Osasuna,Real Betis,2024-05-05,12:00:00,La Liga,34,finished,0.0,2.0,2023/24,2026-03-20 10:36:30.652+00,
11368664,Mallorca,Atlético Madrid,2024-05-04,19:00:00,La Liga,34,finished,0.0,1.0,2023/24,2026-03-20 10:37:22.4+00,
11368665,Atlético Madrid,Celta Vigo,2024-05-12,14:15:00,La Liga,35,finished,1.0,0.0,2023/24,2026-03-20 10:35:38.57+00,
11368666,Deportivo Alavés,Atlético Madrid,2024-04-21,16:30:00,La Liga,32,finished,2.0,0.0,2023/24,2026-03-20 10:37:32.919+00,
11368667,Girona FC,Barcelona,2024-05-04,16:30:00,La Liga,34,finished,4.0,2.0,2023/24,2026-03-20 10:36:41.751+00,
11368668,Real Sociedad,Las Palmas,2024-05-04,12:00:00,La Liga,34,finished,2.0,0.0,2023/24,2026-03-20 10:35:49.649+00,
11368669,Rayo Vallecano,Osasuna,2024-04-20,14:15:00,La Liga,32,finished,2.0,1.0,2023/24,2026-03-20 10:36:47.894+00,
11368670,Real Madrid,Barcelona,2024-04-21,19:00:00,La Liga,32,finished,3.0,2.0,2023/24,2026-03-20 10:35:01.862+00,
11368671,Valencia,Real Betis,2024-04-20,16:30:00,La Liga,32,finished,1.0,2.0,2023/24,2026-03-20 10:36:56.953+00,
11368673,Almería,Getafe,2024-04-27,14:15:00,La Liga,33,finished,1.0,3.0,2023/24,2026-03-20 10:36:11.527+00,
11368674,Granada,Osasuna,2024-04-28,14:15:00,La Liga,33,finished,3.0,0.0,2023/24,2026-03-20 10:36:30.81+00,
11368675,Cádiz,Mallorca,2024-04-28,12:00:00,La Liga,33,finished,1.0,1.0,2023/24,2026-03-20 10:37:22.4+00,
11368676,Girona FC,Cádiz,2024-04-20,19:00:00,La Liga,32,finished,4.0,1.0,2023/24,2026-03-20 10:36:41.892+00,
11368677,Real Betis,Sevilla,2024-04-28,19:00:00,La Liga,33,finished,1.0,1.0,2023/24,2026-03-20 10:37:09.402+00,
11368678,Deportivo Alavés,Celta Vigo,2024-04-27,16:30:00,La Liga,33,finished,3.0,0.0,2023/24,2026-03-20 10:37:32.919+00,
11368679,Atlético Madrid,Athletic Club,2024-04-27,19:00:00,La Liga,33,finished,3.0,1.0,2023/24,2026-03-20 10:36:18.948+00,
11368680,Sevilla,Mallorca,2024-04-22,19:00:00,La Liga,32,finished,2.0,1.0,2023/24,2026-03-20 10:37:22.4+00,
11368681,Mallorca,Real Madrid,2024-04-13,16:30:00,La Liga,31,finished,0.0,1.0,2023/24,2026-03-20 10:37:22.4+00,
11368682,Las Palmas,Sevilla,2024-04-14,12:00:00,La Liga,31,finished,0.0,2.0,2023/24,2026-03-20 10:37:09.402+00,
11368683,Real Sociedad,Almería,2024-04-14,19:00:00,La Liga,31,finished,2.0,2.0,2023/24,2026-03-20 10:35:49.649+00,
11368684,Rayo Vallecano,Getafe,2024-04-13,14:15:00,La Liga,31,finished,0.0,0.0,2023/24,2026-03-20 10:36:47.894+00,
11368685,Cádiz,Barcelona,2024-04-13,19:00:00,La Liga,31,finished,0.0,1.0,2023/24,2026-03-20 10:34:55.086+00,
11368686,Granada,Deportivo Alavés,2024-04-14,14:15:00,La Liga,31,finished,2.0,0.0,2023/24,2026-03-20 10:37:32.919+00,
11368687,Osasuna,Valencia,2024-04-15,19:00:00,La Liga,31,finished,0.0,1.0,2023/24,2026-03-20 10:36:56.953+00,
11368688,Almería,Villarreal,2024-04-21,14:15:00,La Liga,32,finished,1.0,2.0,2023/24,2026-03-20 10:35:18.582+00,
11368689,Celta Vigo,Las Palmas,2024-04-20,12:00:00,La Liga,32,finished,4.0,1.0,2023/24,2026-03-20 10:35:38.57+00,
11368690,Athletic Club,Granada,2024-04-19,19:00:00,La Liga,32,finished,1.0,1.0,2023/24,2026-03-20 10:36:18.948+00,
11368691,Getafe,Sevilla,2024-03-30,13:00:00,La Liga,30,finished,0.0,1.0,2023/24,2026-03-20 10:37:09.402+00,
11368692,Celta Vigo,Rayo Vallecano,2024-03-31,12:00:00,La Liga,30,finished,0.0,0.0,2023/24,2026-03-20 10:36:47.894+00,
11368693,Girona FC,Real Betis,2024-03-31,14:15:00,La Liga,30,finished,3.0,2.0,2023/24,2026-03-20 10:36:41.892+00,
11368694,Deportivo Alavés,Real Sociedad,2024-03-31,16:30:00,La Liga,30,finished,0.0,1.0,2023/24,2026-03-20 10:37:32.919+00,
11368695,Villarreal,Atlético Madrid,2024-04-01,19:00:00,La Liga,30,finished,1.0,2.0,2023/24,2026-03-20 10:35:18.582+00,
11368696,Atlético Madrid,Girona FC,2024-04-13,12:00:00,La Liga,31,finished,3.0,1.0,2023/24,2026-03-20 10:36:41.892+00,
11368697,Valencia,Mallorca,2024-03-30,17:30:00,La Liga,30,finished,0.0,0.0,2023/24,2026-03-20 10:37:22.4+00,
11368698,Mallorca,Granada,2024-03-16,13:00:00,La Liga,29,finished,1.0,0.0,2023/24,2026-03-20 10:37:22.4+00,
11368699,Getafe,Girona FC,2024-03-16,17:30:00,La Liga,29,finished,1.0,0.0,2023/24,2026-03-20 10:36:41.892+00,
11368700,Rayo Vallecano,Real Betis,2024-03-17,17:30:00,La Liga,29,finished,2.0,0.0,2023/24,2026-03-20 10:36:47.894+00,
11368701,Atlético Madrid,Barcelona,2024-03-17,20:00:00,La Liga,29,finished,0.0,3.0,2023/24,2026-03-20 10:35:08.201+00,
11368702,Athletic Club,Villarreal,2024-04-14,16:30:00,La Liga,31,finished,1.0,1.0,2023/24,2026-03-20 10:36:18.948+00,
11368704,Barcelona,Las Palmas,2024-03-30,20:00:00,La Liga,30,finished,1.0,0.0,2023/24,2026-03-20 10:34:55.086+00,
11368706,Almería,Osasuna,2024-03-30,15:15:00,La Liga,30,finished,0.0,3.0,2023/24,2026-03-20 10:36:30.81+00,
11368707,Real Madrid,Athletic Club,2024-03-31,19:00:00,La Liga,30,finished,2.0,0.0,2023/24,2026-03-20 10:36:18.948+00,
11368708,Villarreal,Valencia,2024-03-17,15:15:00,La Liga,29,finished,1.0,0.0,2023/24,2026-03-20 10:36:56.953+00,
11368709,Real Betis,Celta Vigo,2024-04-12,19:00:00,La Liga,31,finished,2.0,1.0,2023/24,2026-03-20 10:35:38.57+00,
11368710,Real Sociedad,Cádiz,2024-03-15,20:00:00,La Liga,29,finished,2.0,0.0,2023/24,2026-03-20 10:35:49.649+00,
11368711,Osasuna,Real Madrid,2024-03-16,15:15:00,La Liga,29,finished,2.0,4.0,2023/24,2026-03-20 10:36:30.81+00,
11368712,Athletic Club,Deportivo Alavés,2024-03-16,20:00:00,La Liga,29,finished,2.0,0.0,2023/24,2026-03-20 10:37:32.919+00,
11368713,Sevilla,Celta Vigo,2024-03-17,13:00:00,La Liga,29,finished,1.0,2.0,2023/24,2026-03-20 10:37:09.402+00,
11368714,Barcelona,Mallorca,2024-03-08,20:00:00,La Liga,28,finished,1.0,0.0,2023/24,2026-03-20 10:37:22.4+00,
11368715,Almería,Sevilla,2024-03-11,20:00:00,La Liga,28,finished,2.0,2.0,2023/24,2026-03-20 10:37:09.402+00,
11368716,Real Betis,Villarreal,2024-03-10,20:00:00,La Liga,28,finished,2.0,3.0,2023/24,2026-03-20 10:35:27.283+00,
11368717,Granada,Real Sociedad,2024-03-09,17:30:00,La Liga,28,finished,2.0,3.0,2023/24,2026-03-20 10:35:49.649+00,
11368718,Las Palmas,Athletic Club,2024-03-10,15:15:00,La Liga,28,finished,0.0,2.0,2023/24,2026-03-20 10:36:18.948+00,
11368719,Girona FC,Osasuna,2024-03-09,20:00:00,La Liga,28,finished,2.0,0.0,2023/24,2026-03-20 10:36:41.892+00,
11368720,Deportivo Alavés,Rayo Vallecano,2024-03-10,13:00:00,La Liga,28,finished,1.0,0.0,2023/24,2026-03-20 10:37:32.919+00,
11368721,Cádiz,Atlético Madrid,2024-03-09,15:15:00,La Liga,28,finished,2.0,0.0,2023/24,2026-03-20 10:35:08.244+00,
11368722,Real Madrid,Celta Vigo,2024-03-10,17:30:00,La Liga,28,finished,4.0,0.0,2023/24,2026-03-20 10:35:38.57+00,
11368723,Valencia,Getafe,2024-03-09,13:00:00,La Liga,28,finished,1.0,0.0,2023/24,2026-03-20 10:36:56.953+00,
11368724,Celta Vigo,Almería,2024-03-01,20:00:00,La Liga,27,finished,1.0,0.0,2023/24,2026-03-20 10:35:38.57+00,
11368725,Rayo Vallecano,Cádiz,2024-03-02,15:15:00,La Liga,27,finished,1.0,1.0,2023/24,2026-03-20 10:36:47.894+00,
11368726,Sevilla,Real Sociedad,2024-03-02,13:00:00,La Liga,27,finished,3.0,2.0,2023/24,2026-03-20 10:37:09.564+00,
11368727,Mallorca,Girona FC,2024-03-03,17:30:00,La Liga,27,finished,1.0,0.0,2023/24,2026-03-20 10:37:22.4+00,
11368728,Getafe,Las Palmas,2024-03-02,17:30:00,La Liga,27,finished,3.0,3.0,2023/24,2026-03-20 10:36:11.667+00,
11368729,Villarreal,Granada,2024-03-03,13:00:00,La Liga,27,finished,5.0,1.0,2023/24,2026-03-20 10:35:18.582+00,
11368730,Valencia,Real Madrid,2024-03-02,20:00:00,La Liga,27,finished,2.0,2.0,2023/24,2026-03-20 10:36:56.953+00,
11368731,Osasuna,Deportivo Alavés,2024-03-04,20:00:00,La Liga,27,finished,1.0,0.0,2023/24,2026-03-20 10:37:32.919+00,
11368732,Athletic Club,Barcelona,2024-03-03,20:00:00,La Liga,27,finished,0.0,0.0,2023/24,2026-03-20 10:36:18.948+00,
11368733,Atlético Madrid,Real Betis,2024-03-03,15:15:00,La Liga,27,finished,2.0,1.0,2023/24,2026-03-20 10:35:27.283+00,
11368734,Almería,Atlético Madrid,2024-02-24,20:00:00,La Liga,26,finished,2.0,2.0,2023/24,2026-03-20 10:35:08.244+00,
11368735,Barcelona,Getafe,2024-02-24,15:15:00,La Liga,26,finished,4.0,0.0,2023/24,2026-03-20 10:36:11.667+00,
11368736,Real Madrid,Sevilla,2024-02-25,20:00:00,La Liga,26,finished,1.0,0.0,2023/24,2026-03-20 10:37:09.564+00,
11368737,Real Sociedad,Villarreal,2024-02-23,20:00:00,La Liga,26,finished,1.0,3.0,2023/24,2026-03-20 10:35:49.649+00,
11368739,Cádiz,Celta Vigo,2024-02-25,13:00:00,La Liga,26,finished,2.0,2.0,2023/24,2026-03-20 10:35:38.57+00,
11368740,Girona FC,Rayo Vallecano,2024-02-26,20:00:00,La Liga,26,finished,3.0,0.0,2023/24,2026-03-20 10:36:47.894+00,
11368741,Deportivo Alavés,Mallorca,2024-02-24,17:30:00,La Liga,26,finished,1.0,1.0,2023/24,2026-03-20 10:37:33.047+00,
11368742,Las Palmas,Osasuna,2024-02-25,17:30:00,La Liga,26,finished,1.0,1.0,2023/24,2026-03-20 10:36:30.81+00,
11368743,Rayo Vallecano,Real Madrid,2024-02-18,13:00:00,La Liga,25,finished,1.0,1.0,2023/24,2026-03-20 10:36:47.894+00,
11368744,Real Betis,Athletic Club,2024-02-25,15:15:00,La Liga,26,finished,3.0,1.0,2023/24,2026-03-20 10:36:18.948+00,
11368746,Celta Vigo,Barcelona,2024-02-17,17:30:00,La Liga,25,finished,1.0,2.0,2023/24,2026-03-20 10:35:38.57+00,
11368747,Osasuna,Cádiz,2024-02-17,15:15:00,La Liga,25,finished,2.0,0.0,2023/24,2026-03-20 10:36:30.81+00,
11368748,Valencia,Sevilla,2024-02-17,20:00:00,La Liga,25,finished,0.0,0.0,2023/24,2026-03-20 10:37:09.564+00,
11368749,Villarreal,Getafe,2024-02-16,20:00:00,La Liga,25,finished,1.0,1.0,2023/24,2026-03-20 10:36:11.667+00,
11368750,Real Betis,Deportivo Alavés,2024-02-18,20:00:00,La Liga,25,finished,0.0,0.0,2023/24,2026-03-20 10:37:33.047+00,
11368751,Athletic Club,Girona FC,2024-02-19,20:00:00,La Liga,25,finished,3.0,2.0,2023/24,2026-03-20 10:36:41.892+00,
11368752,Atlético Madrid,Las Palmas,2024-02-17,13:00:00,La Liga,25,finished,5.0,0.0,2023/24,2026-03-20 10:35:08.244+00,
11368753,Mallorca,Real Sociedad,2024-02-18,17:30:00,La Liga,25,finished,1.0,2.0,2023/24,2026-03-20 10:37:22.587+00,
11368754,Almería,Athletic Club,2024-02-12,20:00:00,La Liga,24,finished,0.0,0.0,2023/24,2026-03-20 10:36:18.991+00,
11368755,Barcelona,Granada,2024-02-11,20:00:00,La Liga,24,finished,3.0,3.0,2023/24,2026-03-20 10:34:55.131+00,
11368756,Mallorca,Rayo Vallecano,2024-02-11,15:15:00,La Liga,24,finished,2.0,1.0,2023/24,2026-03-20 10:37:22.587+00,
11368757,Las Palmas,Valencia,2024-02-10,20:00:00,La Liga,24,finished,2.0,0.0,2023/24,2026-03-20 10:36:56.953+00,
11368758,Deportivo Alavés,Villarreal,2024-02-10,13:00:00,La Liga,24,finished,1.0,1.0,2023/24,2026-03-20 10:37:33.047+00,
11368759,Sevilla,Atlético Madrid,2024-02-11,17:30:00,La Liga,24,finished,1.0,0.0,2023/24,2026-03-20 10:37:09.564+00,
11368760,Getafe,Celta Vigo,2024-02-11,13:00:00,La Liga,24,finished,3.0,2.0,2023/24,2026-03-20 10:36:11.667+00,
11368761,Cádiz,Real Betis,2024-02-09,20:00:00,La Liga,24,finished,0.0,2.0,2023/24,2026-03-20 10:35:27.303+00,
11368762,Real Madrid,Girona FC,2024-02-10,17:30:00,La Liga,24,finished,4.0,0.0,2023/24,2026-03-20 10:36:41.892+00,
11368763,Real Sociedad,Osasuna,2024-02-10,15:15:00,La Liga,24,finished,0.0,1.0,2023/24,2026-03-20 10:36:30.81+00,
11368765,Deportivo Alavés,Barcelona,2024-02-03,17:30:00,La Liga,23,finished,1.0,3.0,2023/24,2026-03-20 10:37:33.047+00,
11368766,Valencia,Almería,2024-02-03,13:00:00,La Liga,23,finished,2.0,1.0,2023/24,2026-03-20 10:36:56.953+00,
11368767,Real Madrid,Atlético Madrid,2024-02-04,20:00:00,La Liga,23,finished,1.0,1.0,2023/24,2026-03-20 10:35:08.244+00,
11369285,Almería,Rayo Vallecano,2023-08-11,17:30:00,La Liga,1,finished,0.0,2.0,2023/24,2026-03-20 10:36:47.936+00,
11369286,Athletic Club,Real Madrid,2023-08-12,19:30:00,La Liga,1,finished,0.0,2.0,2023/24,2026-03-20 10:36:19.035+00,
11369287,Atlético Madrid,Granada,2023-08-14,19:30:00,La Liga,1,finished,3.0,1.0,2023/24,2026-03-20 10:35:08.286+00,
11369288,Celta Vigo,Osasuna,2023-08-13,15:00:00,La Liga,1,finished,0.0,2.0,2023/24,2026-03-20 10:36:31.019+00,
11369289,Sevilla,Valencia,2023-08-11,20:00:00,La Liga,1,finished,1.0,2.0,2023/24,2026-03-20 10:37:09.607+00,
11369290,Las Palmas,Mallorca,2023-08-12,17:30:00,La Liga,1,finished,1.0,1.0,2023/24,2026-03-20 10:37:22.734+00,
11369291,Getafe,Barcelona,2023-08-13,19:30:00,La Liga,1,finished,0.0,0.0,2023/24,2026-03-20 10:36:11.843+00,
11369292,Villarreal,Real Betis,2023-08-13,17:30:00,La Liga,1,finished,1.0,2.0,2023/24,2026-03-20 10:35:27.458+00,
11369293,Real Sociedad,Girona FC,2023-08-12,15:00:00,La Liga,1,finished,1.0,1.0,2023/24,2026-03-20 10:36:42.058+00,
11369294,Cádiz,Deportivo Alavés,2023-08-14,17:30:00,La Liga,1,finished,1.0,0.0,2023/24,2026-03-20 10:37:33.047+00,
11369295,Almería,Celta Vigo,2023-09-01,20:00:00,La Liga,4,finished,2.0,3.0,2023/24,2026-03-20 10:35:38.752+00,
11369296,Atlético Madrid,Sevilla,2023-09-03,16:30:00,La Liga,4,postponed,,,2023/24,2026-03-20 10:37:09.607+00,
11369297,Real Betis,Rayo Vallecano,2023-09-02,19:00:00,La Liga,4,finished,1.0,0.0,2023/24,2026-03-20 10:36:47.936+00,
11369298,Cádiz,Villarreal,2023-09-01,17:30:00,La Liga,4,finished,3.0,1.0,2023/24,2026-03-20 10:35:18.624+00,
11369299,Girona FC,Las Palmas,2023-09-03,12:00:00,La Liga,4,finished,1.0,0.0,2023/24,2026-03-20 10:36:42.058+00,
11369300,Deportivo Alavés,Valencia,2023-09-02,16:30:00,La Liga,4,finished,1.0,0.0,2023/24,2026-03-20 10:37:33.047+00,
11369301,Mallorca,Athletic Club,2023-09-03,14:15:00,La Liga,4,finished,0.0,0.0,2023/24,2026-03-20 10:37:22.734+00,
11369302,Osasuna,Barcelona,2023-09-03,19:00:00,La Liga,4,finished,1.0,2.0,2023/24,2026-03-20 10:36:31.019+00,
11369303,Real Madrid,Getafe,2023-09-02,14:15:00,La Liga,4,finished,2.0,1.0,2023/24,2026-03-20 10:36:11.667+00,
11369304,Real Sociedad,Granada,2023-09-02,12:00:00,La Liga,4,finished,5.0,3.0,2023/24,2026-03-20 10:35:49.69+00,
11369305,Athletic Club,Cádiz,2023-09-16,12:00:00,La Liga,5,finished,3.0,0.0,2023/24,2026-03-20 10:36:18.991+00,
11369306,Barcelona,Real Betis,2023-09-16,19:00:00,La Liga,5,finished,5.0,0.0,2023/24,2026-03-20 10:35:27.458+00,
11369307,Celta Vigo,Mallorca,2023-09-16,16:30:00,La Liga,5,finished,0.0,1.0,2023/24,2026-03-20 10:37:22.734+00,
11369308,Getafe,Osasuna,2023-09-17,12:00:00,La Liga,5,finished,3.0,2.0,2023/24,2026-03-20 10:36:31.019+00,
11369309,Real Madrid,Real Sociedad,2023-09-17,19:00:00,La Liga,5,finished,2.0,1.0,2023/24,2026-03-20 10:35:49.69+00,
11369310,Villarreal,Almería,2023-09-17,14:15:00,La Liga,5,finished,2.0,1.0,2023/24,2026-03-20 10:35:18.624+00,
11369311,Valencia,Atlético Madrid,2023-09-16,14:15:00,La Liga,5,finished,3.0,0.0,2023/24,2026-03-20 10:36:57.117+00,
11369312,Granada,Girona FC,2023-09-18,19:00:00,La Liga,5,finished,2.0,4.0,2023/24,2026-03-20 10:36:42.058+00,
11369313,Sevilla,Las Palmas,2023-09-17,16:30:00,La Liga,5,finished,1.0,0.0,2023/24,2026-03-20 10:37:09.607+00,
11369314,Rayo Vallecano,Deportivo Alavés,2023-09-15,19:00:00,La Liga,5,finished,2.0,0.0,2023/24,2026-03-20 10:37:33.047+00,
11369315,Almería,Valencia,2023-09-23,19:00:00,La Liga,6,finished,2.0,2.0,2023/24,2026-03-20 10:36:57.117+00,
11369316,Atlético Madrid,Real Madrid,2023-09-24,19:00:00,La Liga,6,finished,3.0,1.0,2023/24,2026-03-20 10:35:08.286+00,
11369317,Barcelona,Celta Vigo,2023-09-23,16:30:00,La Liga,6,finished,3.0,2.0,2023/24,2026-03-20 10:35:38.752+00,
11369318,Real Betis,Cádiz,2023-09-24,16:30:00,La Liga,6,finished,1.0,1.0,2023/24,2026-03-20 10:35:27.303+00,
11369319,Girona FC,Mallorca,2023-09-23,12:00:00,La Liga,6,finished,5.0,3.0,2023/24,2026-03-20 10:37:22.587+00,
11369320,Osasuna,Sevilla,2023-09-23,14:15:00,La Liga,6,finished,0.0,0.0,2023/24,2026-03-20 10:37:09.607+00,
11369321,Rayo Vallecano,Villarreal,2023-09-24,14:15:00,La Liga,6,finished,1.0,1.0,2023/24,2026-03-20 10:36:47.936+00,
11369322,Deportivo Alavés,Athletic Club,2023-09-22,19:00:00,La Liga,6,finished,0.0,2.0,2023/24,2026-03-20 10:37:33.047+00,
11369323,Real Sociedad,Getafe,2023-09-24,12:00:00,La Liga,6,finished,4.0,3.0,2023/24,2026-03-20 10:36:11.667+00,
11369325,Athletic Club,Getafe,2023-09-27,17:00:00,La Liga,7,finished,2.0,2.0,2023/24,2026-03-20 10:36:18.991+00,
11369326,Cádiz,Rayo Vallecano,2023-09-27,19:30:00,La Liga,7,finished,0.0,0.0,2023/24,2026-03-20 10:36:47.936+00,
11369327,Sevilla,Almería,2023-09-26,17:00:00,La Liga,7,finished,5.0,1.0,2023/24,2026-03-20 10:37:09.607+00,
11369328,Osasuna,Atlético Madrid,2023-09-28,19:30:00,La Liga,7,finished,0.0,2.0,2023/24,2026-03-20 10:36:31.019+00,
11369329,Mallorca,Barcelona,2023-09-26,19:30:00,La Liga,7,finished,2.0,2.0,2023/24,2026-03-20 10:37:22.587+00,
11369330,Granada,Real Betis,2023-09-28,17:00:00,La Liga,7,finished,1.0,1.0,2023/24,2026-03-20 10:35:27.303+00,
11369331,Villarreal,Girona FC,2023-09-27,17:00:00,La Liga,7,finished,1.0,2.0,2023/24,2026-03-20 10:36:42.058+00,
11369332,Valencia,Real Sociedad,2023-09-27,19:30:00,La Liga,7,finished,0.0,1.0,2023/24,2026-03-20 10:36:56.953+00,
11369333,Real Madrid,Las Palmas,2023-09-27,17:00:00,La Liga,7,finished,2.0,0.0,2023/24,2026-03-20 10:35:01.904+00,
11369334,Celta Vigo,Deportivo Alavés,2023-09-28,17:00:00,La Liga,7,finished,1.0,1.0,2023/24,2026-03-20 10:37:33.047+00,
11369336,Atlético Madrid,Cádiz,2023-10-01,19:00:00,La Liga,8,finished,3.0,2.0,2023/24,2026-03-20 10:35:08.286+00,
11369337,Barcelona,Sevilla,2023-09-29,19:00:00,La Liga,8,finished,1.0,0.0,2023/24,2026-03-20 10:37:09.607+00,
11369340,Real Betis,Valencia,2023-10-01,19:00:00,La Liga,8,finished,3.0,0.0,2023/24,2026-03-20 10:36:56.953+00,
11369341,Getafe,Villarreal,2023-09-30,12:00:00,La Liga,8,finished,0.0,0.0,2023/24,2026-03-20 10:36:11.667+00,
11369342,Girona FC,Real Madrid,2023-09-30,16:30:00,La Liga,8,finished,0.0,3.0,2023/24,2026-03-20 10:36:42.058+00,
11369343,Deportivo Alavés,Osasuna,2023-10-01,14:15:00,La Liga,8,finished,0.0,2.0,2023/24,2026-03-20 10:37:33.047+00,
11369344,Real Sociedad,Athletic Club,2023-09-30,19:00:00,La Liga,8,finished,3.0,0.0,2023/24,2026-03-20 10:36:18.991+00,
11369345,Las Palmas,Celta Vigo,2023-10-02,19:00:00,La Liga,8,finished,2.0,1.0,2023/24,2026-03-20 10:35:38.752+00,
11369346,Rayo Vallecano,Mallorca,2023-09-30,14:15:00,La Liga,8,finished,2.0,2.0,2023/24,2026-03-20 10:37:22.587+00,
11369347,Atlético Madrid,Real Sociedad,2023-10-08,14:15:00,La Liga,9,finished,2.0,1.0,2023/24,2026-03-20 10:35:49.69+00,
11369348,Cádiz,Girona FC,2023-10-07,12:00:00,La Liga,9,finished,0.0,1.0,2023/24,2026-03-20 10:36:41.892+00,
11369349,Celta Vigo,Getafe,2023-10-08,16:30:00,La Liga,9,finished,2.0,2.0,2023/24,2026-03-20 10:36:11.667+00,
11369350,Mallorca,Valencia,2023-10-07,16:30:00,La Liga,9,finished,1.0,1.0,2023/24,2026-03-20 10:37:22.587+00,
11369351,Deportivo Alavés,Real Betis,2023-10-08,16:30:00,La Liga,9,finished,1.0,1.0,2023/24,2026-03-20 10:37:33.047+00,
11369352,Athletic Club,Almería,2023-10-06,19:00:00,La Liga,9,finished,3.0,0.0,2023/24,2026-03-20 10:36:18.991+00,
11369353,Granada,Barcelona,2023-10-08,19:00:00,La Liga,9,finished,2.0,2.0,2023/24,2026-03-20 10:34:55.152+00,
11369354,Real Madrid,Osasuna,2023-10-07,14:15:00,La Liga,9,finished,4.0,0.0,2023/24,2026-03-20 10:36:30.81+00,
11369355,Sevilla,Rayo Vallecano,2023-10-07,19:00:00,La Liga,9,finished,2.0,2.0,2023/24,2026-03-20 10:37:09.564+00,
11369356,Villarreal,Las Palmas,2023-10-08,12:00:00,La Liga,9,finished,1.0,2.0,2023/24,2026-03-20 10:35:18.624+00,
11369357,Las Palmas,Rayo Vallecano,2023-10-22,12:00:00,La Liga,10,finished,0.0,1.0,2023/24,2026-03-20 10:36:47.936+00,
11369358,Girona FC,Almería,2023-10-22,14:15:00,La Liga,10,finished,5.0,2.0,2023/24,2026-03-20 10:36:41.892+00,
11369359,Barcelona,Athletic Club,2023-10-22,19:00:00,La Liga,10,finished,1.0,0.0,2023/24,2026-03-20 10:36:18.991+00,
11369360,Celta Vigo,Atlético Madrid,2023-10-21,19:00:00,La Liga,10,finished,0.0,3.0,2023/24,2026-03-20 10:35:38.752+00,
11369361,Getafe,Real Betis,2023-10-21,14:15:00,La Liga,10,finished,1.0,1.0,2023/24,2026-03-20 10:36:11.667+00,
11369362,Valencia,Cádiz,2023-10-23,19:00:00,La Liga,10,finished,2.0,0.0,2023/24,2026-03-20 10:36:56.953+00,
11369363,Real Sociedad,Mallorca,2023-10-21,12:00:00,La Liga,10,finished,1.0,0.0,2023/24,2026-03-20 10:37:22.587+00,
11369364,Sevilla,Real Madrid,2023-10-21,16:30:00,La Liga,10,finished,1.0,1.0,2023/24,2026-03-20 10:37:09.564+00,
11369365,Osasuna,Granada,2023-10-20,19:00:00,La Liga,10,finished,2.0,0.0,2023/24,2026-03-20 10:36:30.81+00,
11369366,Villarreal,Deportivo Alavés,2023-10-22,16:30:00,La Liga,10,finished,1.0,1.0,2023/24,2026-03-20 10:37:33.047+00,
11369368,Athletic Club,Valencia,2023-10-29,17:30:00,La Liga,11,finished,2.0,2.0,2023/24,2026-03-20 10:36:56.953+00,
11369369,Barcelona,Real Madrid,2023-10-28,14:15:00,La Liga,11,finished,1.0,2.0,2023/24,2026-03-20 10:35:01.904+00,
11369370,Real Betis,Osasuna,2023-10-29,13:00:00,La Liga,11,finished,2.0,1.0,2023/24,2026-03-20 10:36:30.81+00,
11369371,Cádiz,Sevilla,2023-10-28,19:00:00,La Liga,11,finished,2.0,2.0,2023/24,2026-03-20 10:37:09.564+00,
11369372,Rayo Vallecano,Real Sociedad,2023-10-29,15:15:00,La Liga,11,finished,2.0,2.0,2023/24,2026-03-20 10:36:47.936+00,
11369373,Granada,Villarreal,2023-10-30,20:00:00,La Liga,11,finished,2.0,3.0,2023/24,2026-03-20 10:35:18.624+00,
11369374,Girona FC,Celta Vigo,2023-10-27,19:00:00,La Liga,11,finished,1.0,0.0,2023/24,2026-03-20 10:36:41.892+00,
11369375,Mallorca,Getafe,2023-10-28,16:30:00,La Liga,11,finished,0.0,0.0,2023/24,2026-03-20 10:37:22.587+00,
11369376,Atlético Madrid,Deportivo Alavés,2023-10-29,20:00:00,La Liga,11,finished,2.0,1.0,2023/24,2026-03-20 10:37:33.047+00,
11369377,Real Betis,Mallorca,2023-11-04,15:15:00,La Liga,12,finished,2.0,0.0,2023/24,2026-03-20 10:37:22.587+00,
11369378,Celta Vigo,Sevilla,2023-11-04,17:30:00,La Liga,12,finished,1.0,1.0,2023/24,2026-03-20 10:37:09.564+00,
11369379,Deportivo Alavés,Almería,2023-11-05,13:00:00,La Liga,12,finished,1.0,0.0,2023/24,2026-03-20 10:37:33.047+00,
11369380,Villarreal,Athletic Club,2023-11-05,17:30:00,La Liga,12,finished,2.0,3.0,2023/24,2026-03-20 10:36:18.991+00,
11369381,Las Palmas,Atlético Madrid,2023-11-03,20:00:00,La Liga,12,finished,2.0,1.0,2023/24,2026-03-20 10:35:08.244+00,
11369382,Real Sociedad,Barcelona,2023-11-04,20:00:00,La Liga,12,finished,0.0,1.0,2023/24,2026-03-20 10:35:49.69+00,
11369383,Getafe,Cádiz,2023-11-06,20:00:00,La Liga,12,finished,1.0,0.0,2023/24,2026-03-20 10:36:11.667+00,
11369384,Osasuna,Girona FC,2023-11-04,13:00:00,La Liga,12,finished,2.0,4.0,2023/24,2026-03-20 10:36:41.892+00,
11369385,Real Madrid,Rayo Vallecano,2023-11-05,20:00:00,La Liga,12,finished,0.0,0.0,2023/24,2026-03-20 10:36:47.894+00,
11369386,Valencia,Granada,2023-11-05,15:15:00,La Liga,12,finished,1.0,0.0,2023/24,2026-03-20 10:36:56.953+00,
11369387,Almería,Real Sociedad,2023-11-11,15:15:00,La Liga,13,finished,1.0,3.0,2023/24,2026-03-20 10:35:49.69+00,
11369388,Athletic Club,Celta Vigo,2023-11-10,20:00:00,La Liga,13,finished,4.0,3.0,2023/24,2026-03-20 10:36:18.991+00,
11369389,Atlético Madrid,Villarreal,2023-11-12,20:00:00,La Liga,13,finished,3.0,1.0,2023/24,2026-03-20 10:35:18.624+00,
11369390,Real Madrid,Valencia,2023-11-11,20:00:00,La Liga,13,finished,5.0,1.0,2023/24,2026-03-20 10:36:56.953+00,
11369391,Sevilla,Real Betis,2023-11-12,17:30:00,La Liga,13,finished,1.0,1.0,2023/24,2026-03-20 10:37:09.564+00,
11369392,Mallorca,Cádiz,2023-11-12,13:00:00,La Liga,13,postponed,,,2023/24,2026-03-20 10:37:22.587+00,
11369393,Granada,Getafe,2023-11-11,17:30:00,La Liga,13,finished,1.0,1.0,2023/24,2026-03-20 10:36:11.667+00,
11369394,Rayo Vallecano,Girona FC,2023-11-11,13:00:00,La Liga,13,finished,1.0,2.0,2023/24,2026-03-20 10:36:47.894+00,
11369395,Osasuna,Las Palmas,2023-11-11,17:30:00,La Liga,13,finished,1.0,1.0,2023/24,2026-03-20 10:36:30.81+00,
11369396,Barcelona,Deportivo Alavés,2023-11-12,15:15:00,La Liga,13,finished,2.0,1.0,2023/24,2026-03-20 10:37:33.047+00,
11369397,Atlético Madrid,Mallorca,2023-11-25,20:00:00,La Liga,14,finished,1.0,0.0,2023/24,2026-03-20 10:37:22.587+00,
11369398,Real Betis,Las Palmas,2023-11-26,20:00:00,La Liga,14,finished,1.0,0.0,2023/24,2026-03-20 10:35:27.303+00,
11369399,Cádiz,Real Madrid,2023-11-26,17:30:00,La Liga,14,finished,0.0,3.0,2023/24,2026-03-20 10:35:01.904+00,
11369400,Real Sociedad,Sevilla,2023-11-26,15:15:00,La Liga,14,finished,2.0,1.0,2023/24,2026-03-20 10:37:09.564+00,
11369401,Deportivo Alavés,Granada,2023-11-24,20:00:00,La Liga,14,finished,3.0,1.0,2023/24,2026-03-20 10:37:33.047+00,
11369402,Getafe,Almería,2023-11-25,17:30:00,La Liga,14,finished,2.0,1.0,2023/24,2026-03-20 10:36:11.667+00,
11369403,Girona FC,Athletic Club,2023-11-27,20:00:00,La Liga,14,finished,1.0,1.0,2023/24,2026-03-20 10:36:41.892+00,
11369404,Rayo Vallecano,Barcelona,2023-11-25,13:00:00,La Liga,14,finished,1.0,1.0,2023/24,2026-03-20 10:36:47.894+00,
11369405,Valencia,Celta Vigo,2023-11-25,15:15:00,La Liga,14,finished,0.0,0.0,2023/24,2026-03-20 10:36:56.953+00,
11369406,Villarreal,Osasuna,2023-11-26,13:00:00,La Liga,14,finished,3.0,1.0,2023/24,2026-03-20 10:36:30.81+00,
11369407,Almería,Real Betis,2023-12-03,15:15:00,La Liga,15,finished,0.0,0.0,2023/24,2026-03-20 10:35:27.303+00,
11369408,Athletic Club,Rayo Vallecano,2023-12-02,15:15:00,La Liga,15,finished,4.0,0.0,2023/24,2026-03-20 10:36:47.894+00,
11369409,Girona FC,Valencia,2023-12-02,13:00:00,La Liga,15,finished,2.0,1.0,2023/24,2026-03-20 10:36:56.953+00,
11369410,Osasuna,Real Sociedad,2023-12-02,20:00:00,La Liga,15,finished,1.0,1.0,2023/24,2026-03-20 10:36:30.81+00,
11369411,Sevilla,Villarreal,2023-12-03,17:30:00,La Liga,15,finished,1.0,1.0,2023/24,2026-03-20 10:37:09.564+00,
11369412,Barcelona,Atlético Madrid,2023-12-03,20:00:00,La Liga,15,finished,1.0,0.0,2023/24,2026-03-20 10:35:08.244+00,
11369413,Celta Vigo,Cádiz,2023-12-04,20:00:00,La Liga,15,finished,1.0,1.0,2023/24,2026-03-20 10:35:38.57+00,
11369414,Las Palmas,Getafe,2023-12-01,20:00:00,La Liga,15,finished,2.0,0.0,2023/24,2026-03-20 10:36:11.667+00,
11369415,Real Madrid,Granada,2023-12-02,17:30:00,La Liga,15,finished,2.0,0.0,2023/24,2026-03-20 10:35:01.862+00,
11369416,Mallorca,Deportivo Alavés,2023-12-03,13:00:00,La Liga,15,finished,0.0,0.0,2023/24,2026-03-20 10:37:33.047+00,
11369417,Granada,Athletic Club,2023-12-11,20:00:00,La Liga,16,finished,1.0,1.0,2023/24,2026-03-20 10:36:18.991+00,
11369418,Rayo Vallecano,Celta Vigo,2023-12-11,20:00:00,La Liga,16,finished,0.0,0.0,2023/24,2026-03-20 10:36:47.894+00,
11369419,Villarreal,Real Sociedad,2023-12-09,17:30:00,La Liga,16,finished,0.0,3.0,2023/24,2026-03-20 10:35:49.69+00,
11369420,Barcelona,Girona FC,2023-12-10,20:00:00,La Liga,16,finished,2.0,4.0,2023/24,2026-03-20 10:36:41.892+00,
11369421,Real Betis,Real Madrid,2023-12-09,15:15:00,La Liga,16,finished,1.0,1.0,2023/24,2026-03-20 10:35:27.303+00,
11369422,Cádiz,Osasuna,2023-12-10,17:30:00,La Liga,16,finished,1.0,1.0,2023/24,2026-03-20 10:36:30.81+00,
11369423,Getafe,Valencia,2023-12-08,20:00:00,La Liga,16,finished,1.0,0.0,2023/24,2026-03-20 10:36:56.953+00,
11369424,Mallorca,Sevilla,2023-12-09,20:00:00,La Liga,16,finished,1.0,0.0,2023/24,2026-03-20 10:37:22.587+00,
11369425,Deportivo Alavés,Las Palmas,2023-12-09,13:00:00,La Liga,16,finished,0.0,1.0,2023/24,2026-03-20 10:37:33.047+00,
11369426,Atlético Madrid,Almería,2023-12-10,13:00:00,La Liga,16,finished,2.0,1.0,2023/24,2026-03-20 10:35:08.244+00,
11369427,Almería,Mallorca,2023-12-17,13:00:00,La Liga,17,finished,0.0,0.0,2023/24,2026-03-20 10:37:22.587+00,
11369428,Athletic Club,Atlético Madrid,2023-12-16,15:15:00,La Liga,17,finished,2.0,0.0,2023/24,2026-03-20 10:36:18.991+00,
11369429,Celta Vigo,Granada,2023-12-16,13:00:00,La Liga,17,finished,1.0,0.0,2023/24,2026-03-20 10:35:38.57+00,
11369430,Osasuna,Rayo Vallecano,2023-12-15,20:00:00,La Liga,17,finished,1.0,0.0,2023/24,2026-03-20 10:36:47.894+00,
11369431,Real Madrid,Villarreal,2023-12-17,20:00:00,La Liga,17,finished,4.0,1.0,2023/24,2026-03-20 10:35:18.582+00,
11369432,Valencia,Barcelona,2023-12-16,20:00:00,La Liga,17,finished,1.0,1.0,2023/24,2026-03-20 10:36:56.953+00,
11369433,Real Sociedad,Real Betis,2023-12-17,15:15:00,La Liga,17,finished,0.0,0.0,2023/24,2026-03-20 10:35:49.69+00,
11369435,Sevilla,Getafe,2023-12-16,17:30:00,La Liga,17,finished,0.0,3.0,2023/24,2026-03-20 10:37:09.564+00,
11369436,Girona FC,Deportivo Alavés,2023-12-18,20:00:00,La Liga,17,finished,3.0,0.0,2023/24,2026-03-20 10:37:33.047+00,
11369437,Athletic Club,Las Palmas,2023-12-20,20:30:00,La Liga,18,finished,1.0,0.0,2023/24,2026-03-20 10:36:18.991+00,
11369438,Atlético Madrid,Getafe,2023-12-19,20:30:00,La Liga,18,finished,3.0,3.0,2023/24,2026-03-20 10:36:11.667+00,
11369439,Real Betis,Girona FC,2023-12-21,18:00:00,La Liga,18,finished,1.0,1.0,2023/24,2026-03-20 10:36:41.892+00,
11369440,Cádiz,Real Sociedad,2023-12-21,18:00:00,La Liga,18,finished,0.0,0.0,2023/24,2026-03-20 10:35:49.69+00,
11369441,Mallorca,Osasuna,2023-12-21,20:30:00,La Liga,18,finished,3.0,2.0,2023/24,2026-03-20 10:37:22.587+00,
11369442,Rayo Vallecano,Valencia,2023-12-19,18:00:00,La Liga,18,finished,0.0,1.0,2023/24,2026-03-20 10:36:56.953+00,
11369443,Granada,Sevilla,2023-12-19,20:30:00,La Liga,18,finished,0.0,3.0,2023/24,2026-03-20 10:37:09.564+00,
11369444,Deportivo Alavés,Real Madrid,2023-12-21,20:30:00,La Liga,18,finished,0.0,1.0,2023/24,2026-03-20 10:37:33.047+00,
11369445,Barcelona,Almería,2023-12-20,18:00:00,La Liga,18,finished,3.0,2.0,2023/24,2026-03-20 10:34:55.131+00,
11369446,Villarreal,Celta Vigo,2023-12-20,20:30:00,La Liga,18,finished,3.0,2.0,2023/24,2026-03-20 10:35:38.57+00,
11369447,Getafe,Rayo Vallecano,2024-01-02,16:00:00,La Liga,19,finished,0.0,2.0,2023/24,2026-03-20 10:36:47.894+00,
11369448,Valencia,Villarreal,2024-01-02,20:30:00,La Liga,19,finished,3.0,1.0,2023/24,2026-03-20 10:36:56.953+00,
11369449,Osasuna,Almería,2024-01-04,16:00:00,La Liga,19,finished,1.0,0.0,2023/24,2026-03-20 10:36:30.81+00,
11369450,Sevilla,Athletic Club,2024-01-04,18:15:00,La Liga,19,finished,0.0,2.0,2023/24,2026-03-20 10:37:09.564+00,
11369451,Girona FC,Atlético Madrid,2024-01-03,20:30:00,La Liga,19,finished,4.0,3.0,2023/24,2026-03-20 10:36:41.892+00,
11369452,Las Palmas,Barcelona,2024-01-04,20:30:00,La Liga,19,finished,1.0,2.0,2023/24,2026-03-20 10:34:55.131+00,
11369453,Celta Vigo,Real Betis,2024-01-03,18:15:00,La Liga,19,finished,2.0,1.0,2023/24,2026-03-20 10:35:38.57+00,
11369455,Real Madrid,Mallorca,2024-01-03,18:15:00,La Liga,19,finished,1.0,0.0,2023/24,2026-03-20 10:37:22.587+00,
11369456,Real Sociedad,Deportivo Alavés,2024-01-02,18:15:00,La Liga,19,finished,1.0,1.0,2023/24,2026-03-20 10:37:33.047+00,
11369457,Almería,Girona FC,2024-01-14,13:00:00,La Liga,20,finished,0.0,0.0,2023/24,2026-03-20 10:36:41.892+00,
11369458,Athletic Club,Real Sociedad,2024-01-13,17:30:00,La Liga,20,finished,2.0,1.0,2023/24,2026-03-20 10:36:18.991+00,
11369459,Atlético Madrid,Rayo Vallecano,2024-01-31,20:00:00,La Liga,20,finished,2.0,1.0,2023/24,2026-03-20 10:36:47.894+00,
11369460,Barcelona,Osasuna,2024-01-31,18:00:00,La Liga,20,finished,1.0,0.0,2023/24,2026-03-20 10:36:30.81+00,
11369461,Real Betis,Granada,2024-01-13,20:00:00,La Liga,20,finished,1.0,0.0,2023/24,2026-03-20 10:35:27.303+00,
11369462,Cádiz,Valencia,2024-01-14,15:15:00,La Liga,20,finished,1.0,4.0,2023/24,2026-03-20 10:36:56.953+00,
11369463,Getafe,Real Madrid,2024-02-01,20:00:00,La Liga,20,finished,0.0,2.0,2023/24,2026-03-20 10:36:11.667+00,
11369464,Las Palmas,Villarreal,2024-01-13,13:00:00,La Liga,20,finished,3.0,0.0,2023/24,2026-03-20 10:35:18.582+00,
11369465,Mallorca,Celta Vigo,2024-01-13,15:15:00,La Liga,20,finished,1.0,1.0,2023/24,2026-03-20 10:37:22.587+00,
11369466,Sevilla,Deportivo Alavés,2024-01-12,20:00:00,La Liga,20,finished,2.0,3.0,2023/24,2026-03-20 10:37:33.047+00,
11369467,Celta Vigo,Real Sociedad,2024-01-20,20:00:00,La Liga,21,finished,0.0,1.0,2023/24,2026-03-20 10:35:49.69+00,
11369468,Girona FC,Sevilla,2024-01-21,20:00:00,La Liga,21,finished,5.0,1.0,2023/24,2026-03-20 10:37:09.564+00,
11369469,Deportivo Alavés,Cádiz,2024-01-19,20:00:00,La Liga,21,finished,1.0,0.0,2023/24,2026-03-20 10:37:33.047+00,
11369470,Real Madrid,Almería,2024-01-21,15:15:00,La Liga,21,finished,3.0,2.0,2023/24,2026-03-20 10:35:01.862+00,
11369471,Valencia,Athletic Club,2024-01-20,17:30:00,La Liga,21,finished,1.0,0.0,2023/24,2026-03-20 10:36:56.953+00,
11369472,Granada,Atlético Madrid,2024-01-22,20:00:00,La Liga,21,finished,0.0,1.0,2023/24,2026-03-20 10:35:08.244+00,
11369473,Real Betis,Barcelona,2024-01-21,17:30:00,La Liga,21,finished,2.0,4.0,2023/24,2026-03-20 10:35:27.303+00,
11369474,Osasuna,Getafe,2024-01-21,13:00:00,La Liga,21,finished,3.0,2.0,2023/24,2026-03-20 10:36:30.81+00,
11369475,Villarreal,Mallorca,2024-01-20,15:15:00,La Liga,21,finished,1.0,1.0,2023/24,2026-03-20 10:37:22.587+00,
11369476,Rayo Vallecano,Las Palmas,2024-01-20,13:00:00,La Liga,21,finished,0.0,2.0,2023/24,2026-03-20 10:36:47.894+00,
11369477,Atlético Madrid,Valencia,2024-01-28,20:00:00,La Liga,22,finished,2.0,0.0,2023/24,2026-03-20 10:36:56.953+00,
11369478,Barcelona,Villarreal,2024-01-27,17:30:00,La Liga,22,finished,3.0,5.0,2023/24,2026-03-20 10:35:18.582+00,
11369479,Celta Vigo,Girona FC,2024-01-28,13:00:00,La Liga,22,finished,0.0,1.0,2023/24,2026-03-20 10:36:41.892+00,
11369480,Getafe,Granada,2024-01-29,20:00:00,La Liga,22,finished,2.0,0.0,2023/24,2026-03-20 10:36:11.667+00,
11369481,Las Palmas,Real Madrid,2024-01-27,15:15:00,La Liga,22,finished,1.0,2.0,2023/24,2026-03-20 10:35:01.862+00,
11369482,Cádiz,Athletic Club,2024-01-28,15:15:00,La Liga,22,finished,0.0,0.0,2023/24,2026-03-20 10:36:18.991+00,
11369483,Mallorca,Real Betis,2024-01-27,20:00:00,La Liga,22,finished,0.0,1.0,2023/24,2026-03-20 10:37:22.587+00,
11369484,Sevilla,Osasuna,2024-01-28,17:30:00,La Liga,22,finished,1.0,1.0,2023/24,2026-03-20 10:37:09.564+00,
11369485,Real Sociedad,Rayo Vallecano,2024-01-27,13:00:00,La Liga,22,finished,0.0,0.0,2023/24,2026-03-20 10:36:47.894+00,
11369486,Almería,Deportivo Alavés,2024-01-26,20:00:00,La Liga,22,finished,0.0,3.0,2023/24,2026-03-20 10:37:33.047+00,
11369487,Athletic Club,Mallorca,2024-02-02,20:00:00,La Liga,23,finished,4.0,0.0,2023/24,2026-03-20 10:37:22.587+00,
11369488,Real Betis,Getafe,2024-02-04,17:30:00,La Liga,23,finished,1.0,1.0,2023/24,2026-03-20 10:36:11.667+00,
11369489,Girona FC,Real Sociedad,2024-02-03,20:00:00,La Liga,23,finished,0.0,0.0,2023/24,2026-03-20 10:36:41.892+00,
11369490,Rayo Vallecano,Sevilla,2024-02-05,20:00:00,La Liga,23,finished,1.0,2.0,2023/24,2026-03-20 10:37:09.564+00,
11369491,Villarreal,Cádiz,2024-02-04,13:00:00,La Liga,23,finished,0.0,0.0,2023/24,2026-03-20 10:35:18.582+00,
11369492,Osasuna,Celta Vigo,2024-02-04,15:15:00,La Liga,23,finished,0.0,3.0,2023/24,2026-03-20 10:36:30.81+00,
11549267,Osasuna,Club Brugge KV,2023-08-24,18:30:00,UEFA Conference League,Playoff round,finished,1.0,2.0,2023/24,2026-03-20 10:36:31.019+00,
11550083,Club Brugge KV,Osasuna,2023-08-31,18:30:00,UEFA Conference League,Playoff round,finished,2.0,2.0,2023/24,2026-03-20 10:36:31.019+00,
11605827,Real Sociedad,Benfica,2023-11-08,17:45:00,UEFA Champions League,4,finished,3.0,1.0,2023/24,2026-03-20 10:35:49.69+00,
11605829,Real Sociedad,Inter,2023-09-20,19:00:00,UEFA Champions League,1,finished,1.0,1.0,2023/24,2026-03-20 10:35:49.69+00,
11605831,Benfica,Real Sociedad,2023-10-24,19:00:00,UEFA Champions League,3,finished,0.0,1.0,2023/24,2026-03-20 10:35:49.69+00,
11605833,Red Bull Salzburg,Real Sociedad,2023-10-03,16:45:00,UEFA Champions League,2,finished,0.0,2.0,2023/24,2026-03-20 10:35:49.69+00,
11605841,PSV Eindhoven,Sevilla,2023-10-03,19:00:00,UEFA Champions League,2,finished,2.0,2.0,2023/24,2026-03-20 10:37:09.564+00,
11605843,Sevilla,Arsenal,2023-10-24,19:00:00,UEFA Champions League,3,finished,1.0,2.0,2023/24,2026-03-20 10:37:09.564+00,
11605844,Arsenal,Sevilla,2023-11-08,20:00:00,UEFA Champions League,4,finished,2.0,0.0,2023/24,2026-03-20 10:37:09.564+00,
11605846,Sevilla,RC Lens,2023-09-20,19:00:00,UEFA Champions League,1,finished,1.0,1.0,2023/24,2026-03-20 10:37:09.607+00,
11605847,Napoli,Real Madrid,2023-10-03,19:00:00,UEFA Champions League,2,finished,2.0,3.0,2023/24,2026-03-20 10:35:01.904+00,
11605848,Real Madrid,Sporting Braga,2023-11-08,20:00:00,UEFA Champions League,4,finished,3.0,0.0,2023/24,2026-03-20 10:35:01.904+00,
11605850,Real Madrid,1. FC Union Berlin,2023-09-20,16:45:00,UEFA Champions League,1,finished,1.0,0.0,2023/24,2026-03-20 10:35:01.904+00,
11605852,Sporting Braga,Real Madrid,2023-10-24,19:00:00,UEFA Champions League,3,finished,1.0,2.0,2023/24,2026-03-20 10:35:01.904+00,
11605877,Lazio,Atlético Madrid,2023-09-19,19:00:00,UEFA Champions League,1,finished,1.0,1.0,2023/24,2026-03-20 10:35:08.286+00,
11605891,Barcelona,Royal Antwerp FC,2023-09-19,19:00:00,UEFA Champions League,1,finished,5.0,0.0,2023/24,2026-03-20 10:34:55.152+00,
11605894,Shakhtar Donetsk,Barcelona,2023-11-07,17:45:00,UEFA Champions League,4,finished,1.0,0.0,2023/24,2026-03-20 10:34:55.131+00,
11605896,Barcelona,Shakhtar Donetsk,2023-10-25,16:45:00,UEFA Champions League,3,finished,2.0,1.0,2023/24,2026-03-20 10:34:55.152+00,
11605897,FC Porto,Barcelona,2023-10-04,19:00:00,UEFA Champions League,2,finished,0.0,1.0,2023/24,2026-03-20 10:34:55.152+00,
11605900,Atlético Madrid,Feyenoord,2023-10-04,16:45:00,UEFA Champions League,2,finished,3.0,2.0,2023/24,2026-03-20 10:35:08.286+00,
11605901,Celtic,Atlético Madrid,2023-10-25,19:00:00,UEFA Champions League,3,finished,2.0,2.0,2023/24,2026-03-20 10:35:08.244+00,
11605902,Atlético Madrid,Celtic,2023-11-07,20:00:00,UEFA Champions League,4,finished,6.0,0.0,2023/24,2026-03-20 10:35:08.244+00,
11605950,Atlético Madrid,Lazio,2023-12-13,20:00:00,UEFA Champions League,6,finished,2.0,0.0,2023/24,2026-03-20 10:35:08.244+00,
11605954,Real Madrid,Napoli,2023-11-29,20:00:00,UEFA Champions League,5,finished,4.0,2.0,2023/24,2026-03-20 10:35:01.904+00,
11605955,Royal Antwerp FC,Barcelona,2023-12-13,20:00:00,UEFA Champions League,6,finished,3.0,2.0,2023/24,2026-03-20 10:34:55.131+00,
11605956,RC Lens,Sevilla,2023-12-12,17:45:00,UEFA Champions League,6,finished,2.0,1.0,2023/24,2026-03-20 10:37:09.564+00,
11605957,1. FC Union Berlin,Real Madrid,2023-12-12,20:00:00,UEFA Champions League,6,finished,2.0,3.0,2023/24,2026-03-20 10:35:01.862+00,
11605964,Real Sociedad,Red Bull Salzburg,2023-11-29,20:00:00,UEFA Champions League,5,finished,0.0,0.0,2023/24,2026-03-20 10:35:49.69+00,
11605965,Inter,Real Sociedad,2023-12-12,20:00:00,UEFA Champions League,6,finished,0.0,0.0,2023/24,2026-03-20 10:35:49.69+00,
11605974,Feyenoord,Atlético Madrid,2023-11-28,20:00:00,UEFA Champions League,5,finished,1.0,3.0,2023/24,2026-03-20 10:35:08.244+00,
11605976,Barcelona,FC Porto,2023-11-28,20:00:00,UEFA Champions League,5,finished,2.0,1.0,2023/24,2026-03-20 10:34:55.131+00,
11605980,Sevilla,PSV Eindhoven,2023-11-29,17:45:00,UEFA Champions League,5,finished,2.0,3.0,2023/24,2026-03-20 10:37:09.564+00,
11608602,Rangers,Real Betis,2023-09-21,19:00:00,UEFA Europa League,1,finished,1.0,0.0,2023/24,2026-03-20 10:35:27.458+00,
11608604,Real Betis,AC Sparta Praha,2023-10-05,16:45:00,UEFA Europa League,2,finished,2.0,1.0,2023/24,2026-03-20 10:35:27.303+00,
11608608,Real Betis,Aris Limassol,2023-11-09,20:00:00,UEFA Europa League,4,finished,4.0,1.0,2023/24,2026-03-20 10:35:27.303+00,
11608617,Aris Limassol,Real Betis,2023-10-26,16:45:00,UEFA Europa League,3,finished,0.0,1.0,2023/24,2026-03-20 10:35:27.303+00,
11608637,Maccabi Haifa,Villarreal,2023-11-09,17:45:00,UEFA Europa League,4,finished,1.0,2.0,2023/24,2026-03-20 10:35:18.624+00,
11608646,Villarreal,Stade Rennais,2023-10-05,19:00:00,UEFA Europa League,2,finished,1.0,0.0,2023/24,2026-03-20 10:35:18.624+00,
11608647,Panathinaikos FC,Villarreal,2023-09-21,16:45:00,UEFA Europa League,1,finished,2.0,0.0,2023/24,2026-03-20 10:35:18.624+00,
11608655,Villarreal,Maccabi Haifa,2023-10-26,19:00:00,UEFA Europa League,3,postponed,,,2023/24,2026-03-20 10:35:18.624+00,
11608665,Villarreal,Panathinaikos FC,2023-11-30,20:00:00,UEFA Europa League,5,finished,3.0,2.0,2023/24,2026-03-20 10:35:18.582+00,
11608667,Stade Rennais,Villarreal,2023-12-14,17:45:00,UEFA Europa League,6,finished,2.0,3.0,2023/24,2026-03-20 10:35:18.582+00,
11608672,Real Betis,Rangers,2023-12-14,20:00:00,UEFA Europa League,6,finished,2.0,3.0,2023/24,2026-03-20 10:35:27.303+00,
11608683,AC Sparta Praha,Real Betis,2023-11-30,17:45:00,UEFA Europa League,5,finished,1.0,0.0,2023/24,2026-03-20 10:35:27.303+00,
11643594,Atlético Madrid,Sevilla,2023-12-23,15:15:00,La Liga,4,finished,1.0,0.0,2023/24,2026-03-20 10:37:09.564+00,
11759954,Villarreal,Maccabi Haifa,2023-12-06,20:00:00,UEFA Europa League,3,finished,0.0,0.0,2023/24,2026-03-20 10:35:18.582+00,
11772163,CE Europa,Elche,2023-11-01,17:00:00,Copa del Rey,Round 1,finished,0.0,2.0,2023/24,2026-03-20 10:37:40.766+00,
11772164,CE Manresa,Real Oviedo,2023-11-01,19:00:00,Copa del Rey,Round 1,finished,1.0,2.0,2023/24,2026-03-20 10:37:56.154+00,
11772170,CD Hernán Cortés,Real Betis,2023-11-01,19:30:00,Copa del Rey,Round 1,finished,1.0,12.0,2023/24,2026-03-20 10:35:27.303+00,
11772172,UD Logroñés,Valencia,2023-11-02,19:00:00,Copa del Rey,Round 1,finished,0.0,2.0,2023/24,2026-03-20 10:36:56.953+00,
11772193,CD Varea,Levante UD,2023-10-31,19:00:00,Copa del Rey,Round 1,finished,0.0,3.0,2023/24,2026-03-20 10:37:48.708+00,
11772199,San Roque de Lepe,Girona FC,2023-11-01,11:00:00,Copa del Rey,Round 1,finished,1.0,2.0,2023/24,2026-03-20 10:36:41.892+00,
11772203,CD Mensajero,Espanyol,2023-10-31,19:00:00,Copa del Rey,Round 1,finished,0.0,2.0,2023/24,2026-03-20 10:35:59.473+00,
11772205,Chiclana CF,Villarreal,2023-11-02,18:00:00,Copa del Rey,Round 1,finished,0.0,5.0,2023/24,2026-03-20 10:35:18.624+00,
11772206,Deportivo Murcia FC,Deportivo Alavés,2023-11-02,20:00:00,Copa del Rey,Round 1,finished,0.0,10.0,2023/24,2026-03-20 10:37:33.047+00,
11772207,CD Buñol,Real Sociedad,2023-11-01,17:30:00,Copa del Rey,Round 1,finished,0.0,1.0,2023/24,2026-03-20 10:35:49.69+00,
11772208,Turégano C.F.,Celta Vigo,2023-11-01,14:30:00,Copa del Rey,Round 1,finished,0.0,4.0,2023/24,2026-03-20 10:35:38.752+00,
11772209,CD Boiro,Mallorca,2023-11-01,17:30:00,Copa del Rey,Round 1,finished,0.0,4.0,2023/24,2026-03-20 10:37:22.587+00,
11772210,Atletico Lugones,Rayo Vallecano,2023-11-01,11:00:00,Copa del Rey,Round 1,finished,0.0,6.0,2023/24,2026-03-20 10:36:47.936+00,
11772211,AD Tardienta,Getafe,2023-11-01,17:30:00,Copa del Rey,Round 1,finished,0.0,12.0,2023/24,2026-03-20 10:36:11.667+00,
11772212,CD Quintanar,Sevilla,2023-11-01,14:30:00,Copa del Rey,Round 1,finished,0.0,3.0,2023/24,2026-03-20 10:37:09.564+00,
11772213,UE Rubí,Athletic Club,2023-11-01,20:30:00,Copa del Rey,Round 1,finished,1.0,2.0,2023/24,2026-03-20 10:36:18.991+00,
11813986,Mallorca,Cádiz,2023-11-29,20:00:00,La Liga,13,finished,1.0,1.0,2023/24,2026-03-20 10:37:22.587+00,
11835624,Zamora CF,Villarreal,2023-11-22,20:00:00,Copa del Rey,Round 2,finished,1.0,2.0,2023/24,2026-03-20 10:35:18.624+00,
11836701,Terrassa FC,Deportivo Alavés,2023-12-06,15:00:00,Copa del Rey,Round 2,finished,0.0,1.0,2023/24,2026-03-20 10:37:33.047+00,
11836704,Levante UD,SD Amorebieta,2023-12-06,18:00:00,Copa del Rey,Round 2,finished,0.0,1.0,2023/24,2026-03-20 10:37:48.708+00,
11836706,Valle de Egües,Mallorca,2023-12-06,18:00:00,Copa del Rey,Round 2,finished,0.0,3.0,2023/24,2026-03-20 10:37:22.587+00,
11836708,Linares Deportivo,Elche,2023-12-07,19:00:00,Copa del Rey,Round 2,finished,1.0,3.0,2023/24,2026-03-20 10:37:40.766+00,
11836709,Sestao River,Celta Vigo,2023-12-07,20:00:00,Copa del Rey,Round 2,finished,1.0,2.0,2023/24,2026-03-20 10:35:38.57+00,
11836711,CE Andratx,Real Sociedad,2023-12-06,15:00:00,Copa del Rey,Round 2,finished,0.0,1.0,2023/24,2026-03-20 10:35:49.69+00,
11836713,Orihuela,Girona FC,2023-12-07,20:00:00,Copa del Rey,Round 2,finished,2.0,5.0,2023/24,2026-03-20 10:36:41.892+00,
11836716,Villanovense,Real Betis,2023-12-06,18:00:00,Copa del Rey,Round 2,finished,1.0,2.0,2023/24,2026-03-20 10:35:27.303+00,
11836717,Atzeneta UE,Getafe,2023-12-05,18:00:00,Copa del Rey,Round 2,finished,1.0,2.0,2023/24,2026-03-20 10:36:11.667+00,
11836718,CD Cayon,Athletic Club,2023-12-07,20:00:00,Copa del Rey,Round 2,finished,0.0,3.0,2023/24,2026-03-20 10:36:18.991+00,
11836720,Yeclano Deportivo,Rayo Vallecano,2023-12-06,11:00:00,Copa del Rey,Round 2,finished,0.0,2.0,2023/24,2026-03-20 10:36:47.894+00,
11836721,Arosa SC,Valencia,2023-12-05,20:00:00,Copa del Rey,Round 2,finished,0.0,1.0,2023/24,2026-03-20 10:36:56.953+00,
11836722,CD Castellón,Real Oviedo,2023-12-05,20:00:00,Copa del Rey,Round 2,finished,2.0,1.0,2023/24,2026-03-20 10:37:56.154+00,
11836725,Atlético Astorga,Sevilla,2023-12-06,20:00:00,Copa del Rey,Round 2,finished,0.0,2.0,2023/24,2026-03-20 10:37:09.564+00,
11836729,Espanyol,Real Valladolid,2023-12-05,20:00:00,Copa del Rey,Round 2,finished,3.0,1.0,2023/24,2026-03-20 10:35:59.473+00,
11895383,Racing de Ferrol,Sevilla,2024-01-07,15:00:00,Copa del Rey,Round of 32,finished,1.0,2.0,2023/24,2026-03-20 10:37:09.564+00,
11895384,CD Lugo,Atlético Madrid,2024-01-06,15:00:00,Copa del Rey,Round of 32,finished,1.0,3.0,2023/24,2026-03-20 10:35:08.244+00,
11895385,Unión Deportiva Barbastro,Barcelona,2024-01-07,20:00:00,Copa del Rey,Round of 32,finished,2.0,3.0,2023/24,2026-03-20 10:34:55.131+00,
11895386,Unionistas de Salamanca CF,Villarreal,2024-01-08,15:30:00,Copa del Rey,Round of 32,finished,8.0,7.0,2023/24,2026-03-20 10:35:18.582+00,
11895387,FC Cartagena,Valencia,2024-01-07,18:00:00,Copa del Rey,Round of 32,finished,1.0,2.0,2023/24,2026-03-20 10:36:56.953+00,
11895388,Arandina CF,Real Madrid,2024-01-06,20:30:00,Copa del Rey,Round of 32,finished,1.0,3.0,2023/24,2026-03-20 10:35:01.862+00,
11895389,SD Amorebieta,Celta Vigo,2024-01-07,11:00:00,Copa del Rey,Round of 32,finished,2.0,4.0,2023/24,2026-03-20 10:35:38.57+00,
11895390,Espanyol,Getafe,2024-01-06,16:00:00,Copa del Rey,Round of 32,finished,0.0,1.0,2023/24,2026-03-20 10:36:11.667+00,
11895391,CD Castellón,Osasuna,2024-01-07,15:00:00,Copa del Rey,Round of 32,finished,0.0,1.0,2023/24,2026-03-20 10:36:30.81+00,
11895392,Eibar,Athletic Club,2024-01-07,18:00:00,Copa del Rey,Round of 32,finished,0.0,3.0,2023/24,2026-03-20 10:36:18.991+00,
11895393,Elche,Girona FC,2024-01-06,17:00:00,Copa del Rey,Round of 32,finished,0.0,2.0,2023/24,2026-03-20 10:37:40.766+00,
11895394,Huesca,Rayo Vallecano,2024-01-06,18:00:00,Copa del Rey,Round of 32,finished,0.0,2.0,2023/24,2026-03-20 10:36:47.894+00,
11895395,Málaga,Real Sociedad,2024-01-07,20:00:00,Copa del Rey,Round of 32,finished,0.0,1.0,2023/24,2026-03-20 10:35:49.69+00,
11895396,Burgos Club de Fútbol,Mallorca,2024-01-07,11:00:00,Copa del Rey,Round of 32,finished,0.0,3.0,2023/24,2026-03-20 10:37:22.587+00,
11895398,Deportivo Alavés,Real Betis,2024-01-06,19:00:00,Copa del Rey,Round of 32,finished,1.0,0.0,2023/24,2026-03-20 10:37:33.047+00,
11905257,Napoli,Barcelona,2024-02-21,20:00:00,UEFA Champions League,Round of 16,finished,1.0,1.0,2023/24,2026-03-20 10:34:55.131+00,
11905258,Paris Saint-Germain,Real Sociedad,2024-02-14,20:00:00,UEFA Champions League,Round of 16,finished,2.0,0.0,2023/24,2026-03-20 10:35:49.649+00,
11905259,Inter,Atlético Madrid,2024-02-20,20:00:00,UEFA Champions League,Round of 16,finished,1.0,0.0,2023/24,2026-03-20 10:35:08.244+00,
11905269,RB Leipzig,Real Madrid,2024-02-13,20:00:00,UEFA Champions League,Round of 16,finished,0.0,1.0,2023/24,2026-03-20 10:35:01.862+00,
11905284,Real Madrid,RB Leipzig,2024-03-06,20:00:00,UEFA Champions League,Round of 16,finished,1.0,1.0,2023/24,2026-03-20 10:35:01.862+00,
11905289,Atlético Madrid,Inter,2024-03-13,20:00:00,UEFA Champions League,Round of 16,finished,5.0,3.0,2023/24,2026-03-20 10:35:08.2+00,
11905291,Real Sociedad,Paris Saint-Germain,2024-03-05,20:00:00,UEFA Champions League,Round of 16,finished,1.0,2.0,2023/24,2026-03-20 10:35:49.649+00,
11905292,Barcelona,Napoli,2024-03-12,20:00:00,UEFA Champions League,Round of 16,finished,3.0,1.0,2023/24,2026-03-20 10:34:55.131+00,
11905708,Real Betis,GNK Dinamo Zagreb,2024-02-15,20:00:00,UEFA Conference League,Playoff round,finished,0.0,1.0,2023/24,2026-03-20 10:35:27.303+00,
11905740,GNK Dinamo Zagreb,Real Betis,2024-02-22,17:45:00,UEFA Conference League,Playoff round,finished,1.0,1.0,2023/24,2026-03-20 10:35:27.303+00,
11958261,Athletic Club,Deportivo Alavés,2024-01-16,20:00:00,Copa del Rey,Round of 16,finished,2.0,0.0,2023/24,2026-03-20 10:37:33.047+00,
11958262,Valencia,Celta Vigo,2024-01-17,19:00:00,Copa del Rey,Round of 16,finished,1.0,3.0,2023/24,2026-03-20 10:36:56.953+00,
11958263,CD Tenerife,Mallorca,2024-01-16,21:00:00,Copa del Rey,Round of 16,finished,0.0,1.0,2023/24,2026-03-20 10:37:22.587+00,
11958264,Unionistas de Salamanca CF,Barcelona,2024-01-18,18:30:00,Copa del Rey,Round of 16,finished,1.0,3.0,2023/24,2026-03-20 10:34:55.131+00,
11958265,Getafe,Sevilla,2024-01-16,19:00:00,Copa del Rey,Round of 16,finished,1.0,3.0,2023/24,2026-03-20 10:37:09.564+00,
11958266,Osasuna,Real Sociedad,2024-01-17,20:00:00,Copa del Rey,Round of 16,finished,0.0,2.0,2023/24,2026-03-20 10:36:30.81+00,
11958267,Girona FC,Rayo Vallecano,2024-01-17,20:30:00,Copa del Rey,Round of 16,finished,3.0,1.0,2023/24,2026-03-20 10:36:47.894+00,
11958268,Atlético Madrid,Real Madrid,2024-01-18,20:30:00,Copa del Rey,Round of 16,finished,4.0,2.0,2023/24,2026-03-20 10:35:08.244+00,
11987005,Atlético Madrid,Sevilla,2024-01-25,20:00:00,Copa del Rey,Quarterfinals,finished,1.0,0.0,2023/24,2026-03-20 10:37:09.564+00,
11987010,Celta Vigo,Real Sociedad,2024-01-23,20:30:00,Copa del Rey,Quarterfinals,finished,1.0,2.0,2023/24,2026-03-20 10:35:49.69+00,
11987012,Athletic Club,Barcelona,2024-01-24,20:30:00,Copa del Rey,Quarterfinals,finished,4.0,2.0,2023/24,2026-03-20 10:36:18.991+00,
11987013,Mallorca,Girona FC,2024-01-24,18:30:00,Copa del Rey,Quarterfinals,finished,3.0,2.0,2023/24,2026-03-20 10:37:22.587+00,
12008094,Mallorca,Real Sociedad,2024-02-06,20:00:00,Copa del Rey,Semifinals,finished,0.0,0.0,2023/24,2026-03-20 10:37:22.587+00,
12008096,Atlético Madrid,Athletic Club,2024-02-07,20:30:00,Copa del Rey,Semifinals,finished,0.0,1.0,2023/24,2026-03-20 10:36:18.991+00,
12008097,Athletic Club,Atlético Madrid,2024-02-29,20:30:00,Copa del Rey,Semifinals,finished,3.0,0.0,2023/24,2026-03-20 10:36:18.948+00,
12008099,Real Sociedad,Mallorca,2024-02-27,20:30:00,Copa del Rey,Semifinals,finished,5.0,6.0,2023/24,2026-03-20 10:37:22.587+00,
12095415,Olympique de Marseille,Villarreal,2024-03-07,20:00:00,UEFA Europa League,Round of 16,finished,4.0,0.0,2023/24,2026-03-20 10:35:18.582+00,
12095433,Villarreal,Olympique de Marseille,2024-03-14,17:45:00,UEFA Europa League,Round of 16,finished,3.0,1.0,2023/24,2026-03-20 10:35:18.582+00,
12114515,Granada,Valencia,2024-04-04,18:00:00,La Liga,26,finished,0.0,1.0,2023/24,2026-03-20 10:36:56.953+00,
12116585,Athletic Club,Mallorca,2024-04-06,20:00:00,Copa del Rey,Final,finished,5.0,3.0,2023/24,2026-03-20 10:37:22.4+00,
12163159,Borussia Dortmund,Atlético Madrid,2024-04-16,19:00:00,UEFA Champions League,Quarterfinals,finished,4.0,2.0,2023/24,2026-03-20 10:35:08.201+00,
12163160,Real Madrid,Manchester City,2024-04-09,19:00:00,UEFA Champions League,Quarterfinals,finished,3.0,3.0,2023/24,2026-03-20 10:35:01.862+00,
12163161,Paris Saint-Germain,Barcelona,2024-04-10,19:00:00,UEFA Champions League,Quarterfinals,finished,2.0,3.0,2023/24,2026-03-20 10:34:55.086+00,
12173500,Atlético Madrid,Borussia Dortmund,2024-04-10,19:00:00,UEFA Champions League,Quarterfinals,finished,2.0,1.0,2023/24,2026-03-20 10:35:08.201+00,
12173501,Barcelona,Paris Saint-Germain,2024-04-16,19:00:00,UEFA Champions League,Quarterfinals,finished,1.0,4.0,2023/24,2026-03-20 10:34:55.086+00,
12173502,Manchester City,Real Madrid,2024-04-17,19:00:00,UEFA Champions League,Quarterfinals,finished,4.0,5.0,2023/24,2026-03-20 10:35:01.862+00,
12173506,FC Bayern München,Real Madrid,2024-04-30,19:00:00,UEFA Champions League,Semifinals,finished,2.0,2.0,2023/24,2026-03-20 10:35:01.862+00,
12173508,Real Madrid,FC Bayern München,2024-05-08,19:00:00,UEFA Champions League,Semifinals,finished,2.0,1.0,2023/24,2026-03-20 10:35:01.819+00,
12173509,Borussia Dortmund,Real Madrid,2024-06-01,19:00:00,UEFA Champions League,Final,finished,0.0,2.0,2023/24,2026-03-20 10:35:01.82+00,
12264377,Barcelona,Valencia,2024-04-29,19:00:00,La Liga,33,finished,4.0,2.0,2023/24,2026-03-20 10:36:56.785+00,
12437483,Celta Vigo,Rayo Vallecano,2025-05-18,17:00:00,La Liga,37,finished,1.0,2.0,2024/25,2026-03-20 10:36:47.809+00,
12437484,Deportivo Alavés,Valencia,2025-05-14,17:00:00,La Liga,36,finished,1.0,0.0,2024/25,2026-03-20 10:37:32.876+00,
12437485,Real Valladolid,Girona FC,2025-05-13,17:00:00,La Liga,36,finished,0.0,1.0,2024/25,2026-03-20 10:36:41.707+00,
12437486,Real Valladolid,Deportivo Alavés,2025-05-18,17:00:00,La Liga,37,finished,0.0,1.0,2024/25,2026-03-20 10:37:32.876+00,
12437489,Barcelona,Villarreal,2025-05-18,17:00:00,La Liga,37,finished,2.0,3.0,2024/25,2026-03-20 10:35:18.496+00,
12437490,Mallorca,Getafe,2025-05-18,17:00:00,La Liga,37,finished,1.0,2.0,2024/25,2026-03-20 10:37:22.249+00,
12437491,Real Madrid,Mallorca,2025-05-14,19:30:00,La Liga,36,finished,2.0,1.0,2024/25,2026-03-20 10:37:22.249+00,
12437492,Getafe,Athletic Club,2025-05-15,19:30:00,La Liga,36,finished,0.0,2.0,2024/25,2026-03-20 10:36:18.909+00,
12437493,Atlético Madrid,Real Betis,2025-05-18,17:00:00,La Liga,37,finished,4.0,1.0,2024/25,2026-03-20 10:35:27.239+00,
12437494,Valencia,Getafe,2025-05-10,12:00:00,La Liga,35,finished,3.0,0.0,2024/25,2026-03-20 10:36:56.76+00,
12437495,Sevilla,Las Palmas,2025-05-13,19:30:00,La Liga,36,finished,1.0,0.0,2024/25,2026-03-20 10:37:09.36+00,
12437496,Valencia,Athletic Club,2025-05-18,17:00:00,La Liga,37,finished,0.0,1.0,2024/25,2026-03-20 10:36:56.76+00,
12437498,Real Sociedad,Celta Vigo,2025-05-13,18:00:00,La Liga,36,finished,0.0,1.0,2024/25,2026-03-20 10:35:49.565+00,
12437499,Sevilla,Real Madrid,2025-05-18,17:00:00,La Liga,37,finished,0.0,2.0,2024/25,2026-03-20 10:37:09.36+00,
12437500,Villarreal,Leganés,2025-05-14,17:00:00,La Liga,36,finished,3.0,0.0,2024/25,2026-03-20 10:35:18.496+00,
12437501,Athletic Club,Deportivo Alavés,2025-05-11,16:30:00,La Liga,35,finished,1.0,0.0,2024/25,2026-03-20 10:37:32.876+00,
12437502,Osasuna,Atlético Madrid,2025-05-15,17:00:00,La Liga,36,finished,2.0,0.0,2024/25,2026-03-20 10:36:30.632+00,
12437503,Athletic Club,Barcelona,2025-05-25,19:00:00,La Liga,38,finished,0.0,3.0,2024/25,2026-03-20 10:36:18.909+00,
12437504,Rayo Vallecano,Real Betis,2025-05-15,17:00:00,La Liga,36,finished,2.0,2.0,2024/25,2026-03-20 10:36:47.809+00,
12437505,Osasuna,Espanyol,2025-05-18,17:00:00,La Liga,37,finished,2.0,0.0,2024/25,2026-03-20 10:36:30.632+00,
12437506,Real Madrid,Real Sociedad,2025-05-24,14:15:00,La Liga,38,finished,2.0,0.0,2024/25,2026-03-20 10:35:49.565+00,
12437507,Deportivo Alavés,Osasuna,2025-05-24,19:00:00,La Liga,38,finished,1.0,1.0,2024/25,2026-03-20 10:37:32.876+00,
12437508,Rayo Vallecano,Mallorca,2025-05-24,19:00:00,La Liga,38,finished,0.0,0.0,2024/25,2026-03-20 10:37:22.249+00,
12437509,Girona FC,Atlético Madrid,2025-05-25,12:00:00,La Liga,38,finished,0.0,4.0,2024/25,2026-03-20 10:36:41.707+00,
12437510,Real Betis,Valencia,2025-05-23,19:00:00,La Liga,38,finished,1.0,1.0,2024/25,2026-03-20 10:36:56.76+00,
12437512,Villarreal,Sevilla,2025-05-25,14:15:00,La Liga,38,finished,4.0,2.0,2024/25,2026-03-20 10:37:09.36+00,
12437513,Real Sociedad,Mallorca,2025-04-12,12:00:00,La Liga,31,finished,0.0,2.0,2024/25,2026-03-20 10:37:22.249+00,
12437514,Osasuna,Girona FC,2025-04-13,12:00:00,La Liga,31,finished,2.0,1.0,2024/25,2026-03-20 10:36:41.707+00,
12437515,Celta Vigo,Espanyol,2025-04-12,16:30:00,La Liga,31,finished,0.0,2.0,2024/25,2026-03-20 10:35:59.29+00,
12437516,Getafe,Celta Vigo,2025-05-24,19:00:00,La Liga,38,finished,1.0,2.0,2024/25,2026-03-20 10:36:11.486+00,
12437517,Valencia,Sevilla,2025-04-11,19:00:00,La Liga,31,finished,1.0,0.0,2024/25,2026-03-20 10:37:09.36+00,
12437518,Rayo Vallecano,Valencia,2025-04-19,12:00:00,La Liga,32,finished,1.0,1.0,2024/25,2026-03-20 10:36:56.76+00,
12437519,Las Palmas,Atlético Madrid,2025-04-19,19:00:00,La Liga,32,finished,1.0,0.0,2024/25,2026-03-20 10:35:08.137+00,
12437520,Girona FC,Real Betis,2025-04-21,19:00:00,La Liga,32,finished,1.0,3.0,2024/25,2026-03-20 10:36:41.707+00,
12437521,Barcelona,Celta Vigo,2025-04-19,14:15:00,La Liga,32,finished,4.0,3.0,2024/25,2026-03-20 10:35:38.529+00,
12437522,Real Valladolid,Osasuna,2025-04-20,12:00:00,La Liga,32,finished,2.0,3.0,2024/25,2026-03-20 10:36:30.632+00,
12437523,Real Madrid,Athletic Club,2025-04-20,19:00:00,La Liga,32,finished,1.0,0.0,2024/25,2026-03-20 10:36:18.909+00,
12437524,Villarreal,Real Sociedad,2025-04-20,14:15:00,La Liga,32,finished,2.0,2.0,2024/25,2026-03-20 10:35:49.565+00,
12437525,Mallorca,Leganés,2025-04-19,16:30:00,La Liga,32,finished,0.0,0.0,2024/25,2026-03-20 10:37:22.249+00,
12437526,Real Betis,Real Valladolid,2025-04-24,19:30:00,La Liga,33,finished,5.0,1.0,2024/25,2026-03-20 10:35:27.239+00,
12437527,Athletic Club,Las Palmas,2025-04-23,17:00:00,La Liga,33,finished,1.0,0.0,2024/25,2026-03-20 10:36:18.909+00,
12437528,Sevilla,Deportivo Alavés,2025-04-20,16:30:00,La Liga,32,finished,1.0,1.0,2024/25,2026-03-20 10:37:32.876+00,
12437529,Barcelona,Mallorca,2025-04-22,19:30:00,La Liga,33,finished,1.0,0.0,2024/25,2026-03-20 10:37:22.249+00,
12437530,Getafe,Real Madrid,2025-04-23,19:30:00,La Liga,33,finished,0.0,1.0,2024/25,2026-03-20 10:36:11.486+00,
12437531,Valencia,Espanyol,2025-04-22,17:00:00,La Liga,33,finished,1.0,1.0,2024/25,2026-03-20 10:36:56.76+00,
12437532,Real Madrid,Celta Vigo,2025-05-04,12:00:00,La Liga,34,finished,3.0,2.0,2024/25,2026-03-20 10:35:38.529+00,
12437533,Atlético Madrid,Rayo Vallecano,2025-04-24,19:30:00,La Liga,33,finished,3.0,0.0,2024/25,2026-03-20 10:36:47.809+00,
12437534,Real Valladolid,Barcelona,2025-05-03,19:00:00,La Liga,34,finished,1.0,2.0,2024/25,2026-03-20 10:34:54.927+00,
12437535,Leganés,Girona FC,2025-04-24,17:00:00,La Liga,33,finished,1.0,1.0,2024/25,2026-03-20 10:36:41.707+00,
12437536,Deportivo Alavés,Atlético Madrid,2025-05-03,12:00:00,La Liga,34,finished,0.0,0.0,2024/25,2026-03-20 10:37:32.876+00,
12437537,Girona FC,Mallorca,2025-05-05,19:00:00,La Liga,34,finished,1.0,0.0,2024/25,2026-03-20 10:37:22.249+00,
12437538,Real Sociedad,Athletic Club,2025-05-04,19:00:00,La Liga,34,finished,0.0,0.0,2024/25,2026-03-20 10:36:18.909+00,
12437539,Osasuna,Sevilla,2025-04-24,17:00:00,La Liga,33,finished,1.0,0.0,2024/25,2026-03-20 10:37:09.36+00,
12437540,Las Palmas,Valencia,2025-05-03,16:30:00,La Liga,34,finished,2.0,3.0,2024/25,2026-03-20 10:36:56.76+00,
12437541,Villarreal,Osasuna,2025-05-03,14:15:00,La Liga,34,finished,4.0,2.0,2024/25,2026-03-20 10:36:30.632+00,
12437542,Rayo Vallecano,Getafe,2025-05-02,19:00:00,La Liga,34,finished,1.0,0.0,2024/25,2026-03-20 10:36:47.809+00,
12437543,Celta Vigo,Villarreal,2025-04-23,17:00:00,La Liga,33,finished,3.0,0.0,2024/25,2026-03-20 10:35:38.529+00,
12437544,Atlético Madrid,Real Sociedad,2025-05-10,19:00:00,La Liga,35,finished,4.0,0.0,2024/25,2026-03-20 10:35:49.565+00,
12437545,Barcelona,Real Madrid,2025-05-11,14:15:00,La Liga,35,finished,4.0,3.0,2024/25,2026-03-20 10:35:01.754+00,
12437546,Sevilla,Leganés,2025-05-04,14:15:00,La Liga,34,finished,2.0,2.0,2024/25,2026-03-20 10:37:09.36+00,
12437547,Real Betis,Osasuna,2025-05-11,19:00:00,La Liga,35,finished,1.0,1.0,2024/25,2026-03-20 10:36:30.632+00,
12437548,Celta Vigo,Sevilla,2025-05-10,14:15:00,La Liga,35,finished,3.0,2.0,2024/25,2026-03-20 10:37:09.36+00,
12437549,Real Madrid,Rayo Vallecano,2025-03-09,15:15:00,La Liga,27,finished,2.0,1.0,2024/25,2026-03-20 10:36:47.809+00,
12437550,Atlético Madrid,Barcelona,2025-03-16,20:00:00,La Liga,28,finished,2.0,4.0,2024/25,2026-03-20 10:35:08.158+00,
12437551,Girona FC,Villarreal,2025-05-10,16:30:00,La Liga,35,finished,0.0,1.0,2024/25,2026-03-20 10:36:41.707+00,
12437552,Deportivo Alavés,Villarreal,2025-03-08,15:15:00,La Liga,27,finished,1.0,0.0,2024/25,2026-03-20 10:37:32.876+00,
12437553,Rayo Vallecano,Real Sociedad,2025-03-16,17:30:00,La Liga,28,finished,2.0,2.0,2024/25,2026-03-20 10:36:47.809+00,
12437554,Mallorca,Real Valladolid,2025-05-10,16:30:00,La Liga,35,finished,2.0,1.0,2024/25,2026-03-20 10:37:22.249+00,
12437555,Las Palmas,Rayo Vallecano,2025-05-09,19:00:00,La Liga,35,finished,0.0,1.0,2024/25,2026-03-20 10:36:47.809+00,
12437556,Girona FC,Valencia,2025-03-15,20:00:00,La Liga,28,finished,1.0,1.0,2024/25,2026-03-20 10:36:56.76+00,
12437557,Real Valladolid,Celta Vigo,2025-03-15,13:00:00,La Liga,28,finished,0.0,1.0,2024/25,2026-03-20 10:35:38.55+00,
12437558,Getafe,Atlético Madrid,2025-03-09,13:00:00,La Liga,27,finished,2.0,1.0,2024/25,2026-03-20 10:36:11.486+00,
12437559,Sevilla,Athletic Club,2025-03-16,15:15:00,La Liga,28,finished,0.0,1.0,2024/25,2026-03-20 10:37:09.36+00,
12437560,Leganés,Real Betis,2025-03-16,13:00:00,La Liga,28,finished,2.0,3.0,2024/25,2026-03-20 10:35:27.263+00,
12437561,Deportivo Alavés,Real Sociedad,2025-04-23,19:30:00,La Liga,33,finished,1.0,0.0,2024/25,2026-03-20 10:37:32.876+00,
12437562,Villarreal,Real Madrid,2025-03-15,17:30:00,La Liga,28,finished,1.0,2.0,2024/25,2026-03-20 10:35:18.496+00,
12437563,Osasuna,Getafe,2025-03-16,17:30:00,La Liga,28,finished,1.0,2.0,2024/25,2026-03-20 10:36:30.632+00,
12437564,Athletic Club,Osasuna,2025-03-30,16:30:00,La Liga,29,finished,0.0,0.0,2024/25,2026-03-20 10:36:30.632+00,
12437565,Mallorca,Espanyol,2025-03-15,15:15:00,La Liga,28,finished,2.0,1.0,2024/25,2026-03-20 10:37:22.249+00,
12437566,Las Palmas,Deportivo Alavés,2025-03-14,20:00:00,La Liga,28,finished,2.0,2.0,2024/25,2026-03-20 10:37:32.876+00,
12437567,Real Betis,Sevilla,2025-03-30,19:00:00,La Liga,29,finished,2.0,1.0,2024/25,2026-03-20 10:37:09.36+00,
12437568,Getafe,Villarreal,2025-03-30,12:00:00,La Liga,29,finished,1.0,2.0,2024/25,2026-03-20 10:36:11.486+00,
12437569,Celta Vigo,Las Palmas,2025-03-31,19:00:00,La Liga,29,finished,1.0,1.0,2024/25,2026-03-20 10:35:38.529+00,
12437570,Barcelona,Girona FC,2025-03-30,14:15:00,La Liga,29,finished,4.0,1.0,2024/25,2026-03-20 10:36:41.707+00,
12437571,Real Sociedad,Real Valladolid,2025-03-29,13:00:00,La Liga,29,finished,2.0,1.0,2024/25,2026-03-20 10:35:49.565+00,
12437572,Deportivo Alavés,Rayo Vallecano,2025-03-29,17:30:00,La Liga,29,finished,0.0,2.0,2024/25,2026-03-20 10:37:32.876+00,
12437573,Real Madrid,Leganés,2025-03-29,20:00:00,La Liga,29,finished,3.0,2.0,2024/25,2026-03-20 10:35:01.798+00,
12437574,Las Palmas,Real Sociedad,2025-04-06,12:00:00,La Liga,30,finished,1.0,3.0,2024/25,2026-03-20 10:35:49.565+00,
12437575,Barcelona,Real Betis,2025-04-05,19:00:00,La Liga,30,finished,1.0,1.0,2024/25,2026-03-20 10:35:27.263+00,
12437576,Valencia,Mallorca,2025-03-30,16:30:00,La Liga,29,finished,1.0,0.0,2024/25,2026-03-20 10:37:22.249+00,
12437577,Real Madrid,Valencia,2025-04-05,14:15:00,La Liga,30,finished,1.0,2.0,2024/25,2026-03-20 10:36:56.76+00,
12437578,Real Sociedad,Girona FC,2025-05-18,17:00:00,La Liga,37,finished,3.0,2.0,2024/25,2026-03-20 10:36:41.707+00,
12437579,Leganés,Espanyol,2025-05-11,12:00:00,La Liga,35,finished,3.0,2.0,2024/25,2026-03-20 10:35:59.29+00,
12437604,Athletic Club,Getafe,2024-08-15,17:00:00,La Liga,1,finished,1.0,1.0,2024/25,2026-03-20 10:36:18.948+00,
12437605,Real Betis,Girona FC,2024-08-15,19:30:00,La Liga,1,finished,1.0,1.0,2024/25,2026-03-20 10:36:41.751+00,
12437606,Mallorca,Real Madrid,2024-08-18,19:30:00,La Liga,1,finished,1.0,1.0,2024/25,2026-03-20 10:37:22.4+00,
12437607,Getafe,Valencia,2024-10-27,15:15:00,La Liga,11,finished,1.0,1.0,2024/25,2026-03-20 10:36:56.785+00,
12437608,Las Palmas,Sevilla,2024-08-16,19:30:00,La Liga,1,finished,2.0,2.0,2024/25,2026-03-20 10:37:09.402+00,
12437609,Espanyol,Sevilla,2024-10-25,19:00:00,La Liga,11,finished,0.0,2.0,2024/25,2026-03-20 10:37:09.402+00,
12437610,Villarreal,Atlético Madrid,2024-08-19,19:30:00,La Liga,1,finished,2.0,2.0,2024/25,2026-03-20 10:35:18.539+00,
12437611,Mallorca,Athletic Club,2024-10-28,20:00:00,La Liga,11,finished,0.0,0.0,2024/25,2026-03-20 10:37:22.401+00,
12437612,Valencia,Barcelona,2024-08-17,19:30:00,La Liga,1,finished,1.0,2.0,2024/25,2026-03-20 10:36:56.785+00,
12437613,Real Betis,Atlético Madrid,2024-10-27,17:30:00,La Liga,11,finished,1.0,0.0,2024/25,2026-03-20 10:35:27.284+00,
12437614,Athletic Club,Leganés,2025-01-26,17:30:00,La Liga,21,finished,0.0,0.0,2024/25,2026-03-20 10:36:18.928+00,
12437615,Real Sociedad,Rayo Vallecano,2024-08-18,17:00:00,La Liga,1,finished,1.0,2.0,2024/25,2026-03-20 10:36:47.851+00,
12437616,Real Madrid,Barcelona,2024-10-26,19:00:00,La Liga,11,finished,0.0,4.0,2024/25,2026-03-20 10:35:01.82+00,
12437617,Celta Vigo,Deportivo Alavés,2024-08-16,17:00:00,La Liga,1,finished,2.0,1.0,2024/25,2026-03-20 10:37:32.919+00,
12437618,Leganés,Celta Vigo,2024-10-27,13:00:00,La Liga,11,finished,3.0,0.0,2024/25,2026-03-20 10:35:38.55+00,
12437619,Osasuna,Leganés,2024-08-17,17:00:00,La Liga,1,finished,1.0,1.0,2024/25,2026-03-20 10:36:30.652+00,
12437620,Las Palmas,Girona FC,2024-10-26,16:30:00,La Liga,11,finished,1.0,0.0,2024/25,2026-03-20 10:36:41.751+00,
12437621,Athletic Club,Rayo Vallecano,2025-04-13,19:00:00,La Liga,31,finished,3.0,1.0,2024/25,2026-03-20 10:36:47.809+00,
12437622,Atlético Madrid,Villarreal,2025-01-25,15:15:00,La Liga,21,finished,1.0,1.0,2024/25,2026-03-20 10:35:18.539+00,
12437623,Atlético Madrid,Real Valladolid,2025-04-14,19:00:00,La Liga,31,finished,4.0,2.0,2024/25,2026-03-20 10:35:08.137+00,
12437624,Real Valladolid,Espanyol,2024-08-19,17:00:00,La Liga,1,finished,1.0,0.0,2024/25,2026-03-20 10:35:59.334+00,
12437625,Real Sociedad,Osasuna,2024-10-27,20:00:00,La Liga,11,finished,0.0,2.0,2024/25,2026-03-20 10:36:30.652+00,
12437626,Real Betis,Villarreal,2025-04-13,16:30:00,La Liga,31,finished,1.0,2.0,2024/25,2026-03-20 10:35:27.239+00,
12437627,Real Valladolid,Villarreal,2024-10-26,12:00:00,La Liga,11,finished,1.0,2.0,2024/25,2026-03-20 10:35:18.539+00,
12437628,Atlético Madrid,Girona FC,2024-08-25,19:30:00,La Liga,2,finished,3.0,0.0,2024/25,2026-03-20 10:36:41.751+00,
12437629,Getafe,Las Palmas,2025-04-12,14:15:00,La Liga,31,finished,1.0,3.0,2024/25,2026-03-20 10:36:11.486+00,
12437630,Rayo Vallecano,Deportivo Alavés,2024-10-26,14:15:00,La Liga,11,finished,1.0,0.0,2024/25,2026-03-20 10:37:32.919+00,
12437631,Celta Vigo,Valencia,2024-08-23,17:00:00,La Liga,2,finished,3.0,1.0,2024/25,2026-03-20 10:36:56.785+00,
12437632,Deportivo Alavés,Real Madrid,2025-04-13,14:15:00,La Liga,31,finished,0.0,1.0,2024/25,2026-03-20 10:37:32.876+00,
12437633,Barcelona,Valencia,2025-01-26,20:00:00,La Liga,21,finished,7.0,1.0,2024/25,2026-03-20 10:36:56.76+00,
12437634,Athletic Club,Real Betis,2024-11-03,20:00:00,La Liga,12,finished,1.0,1.0,2024/25,2026-03-20 10:36:18.948+00,
12437635,Leganés,Barcelona,2025-04-12,19:00:00,La Liga,31,finished,0.0,1.0,2024/25,2026-03-20 10:34:54.95+00,
12437636,Getafe,Rayo Vallecano,2024-08-24,19:30:00,La Liga,2,finished,0.0,0.0,2024/25,2026-03-20 10:36:47.851+00,
12437637,Atlético Madrid,Las Palmas,2024-11-03,13:00:00,La Liga,12,finished,2.0,0.0,2024/25,2026-03-20 10:35:08.201+00,
12437638,Real Madrid,Real Valladolid,2024-08-25,15:00:00,La Liga,2,finished,3.0,0.0,2024/25,2026-03-20 10:35:01.82+00,
12437639,Celta Vigo,Getafe,2024-11-04,20:00:00,La Liga,12,finished,1.0,0.0,2024/25,2026-03-20 10:36:11.527+00,
12437640,Espanyol,Getafe,2025-04-18,19:00:00,La Liga,32,finished,1.0,0.0,2024/25,2026-03-20 10:36:11.486+00,
12437641,Girona FC,Leganés,2024-11-02,15:15:00,La Liga,12,finished,4.0,3.0,2024/25,2026-03-20 10:36:41.751+00,
12437642,Sevilla,Villarreal,2024-08-23,19:30:00,La Liga,2,finished,1.0,2.0,2024/25,2026-03-20 10:37:09.402+00,
12437643,Las Palmas,Osasuna,2025-01-24,20:00:00,La Liga,21,finished,1.0,1.0,2024/25,2026-03-20 10:36:30.652+00,
12437644,Osasuna,Real Valladolid,2024-11-02,13:00:00,La Liga,12,finished,1.0,0.0,2024/25,2026-03-20 10:36:30.652+00,
12437645,Deportivo Alavés,Real Betis,2024-08-25,17:15:00,La Liga,2,finished,0.0,0.0,2024/25,2026-03-20 10:37:32.919+00,
12437646,Deportivo Alavés,Mallorca,2024-11-01,20:00:00,La Liga,12,finished,1.0,0.0,2024/25,2026-03-20 10:37:32.919+00,
12437648,Espanyol,Real Betis,2025-05-04,16:30:00,La Liga,34,finished,1.0,2.0,2024/25,2026-03-20 10:35:59.29+00,
12437649,Deportivo Alavés,Celta Vigo,2025-01-27,20:00:00,La Liga,21,finished,1.0,1.0,2024/25,2026-03-20 10:37:32.876+00,
12437650,Espanyol,Real Sociedad,2024-08-24,19:30:00,La Liga,2,finished,0.0,1.0,2024/25,2026-03-20 10:35:59.334+00,
12437651,Villarreal,Rayo Vallecano,2024-11-02,17:30:00,La Liga,12,postponed,,,2024/25,2026-03-20 10:36:47.851+00,
12437652,Barcelona,Athletic Club,2024-08-24,17:00:00,La Liga,2,finished,2.0,1.0,2024/25,2026-03-20 10:36:18.948+00,
12437653,Valencia,Real Madrid,2024-11-02,20:00:00,La Liga,12,postponed,,,2024/25,2026-03-20 10:36:56.785+00,
12437654,Espanyol,Barcelona,2025-05-15,19:30:00,La Liga,36,finished,0.0,2.0,2024/25,2026-03-20 10:35:59.29+00,
12437655,Sevilla,Real Sociedad,2024-11-03,17:30:00,La Liga,12,finished,0.0,2.0,2024/25,2026-03-20 10:37:09.402+00,
12437656,Osasuna,Mallorca,2024-08-24,15:00:00,La Liga,2,finished,1.0,0.0,2024/25,2026-03-20 10:37:22.4+00,
12437657,Mallorca,Real Betis,2025-01-25,13:00:00,La Liga,21,finished,0.0,1.0,2024/25,2026-03-20 10:37:22.249+00,
12437658,Barcelona,Espanyol,2024-11-03,15:15:00,La Liga,12,finished,3.0,1.0,2024/25,2026-03-20 10:35:59.334+00,
12437659,Athletic Club,Valencia,2024-08-28,17:00:00,La Liga,3,finished,1.0,0.0,2024/25,2026-03-20 10:36:56.785+00,
12437660,Real Betis,Celta Vigo,2024-11-10,13:00:00,La Liga,13,finished,2.0,2.0,2024/25,2026-03-20 10:35:38.55+00,
12437662,Getafe,Girona FC,2024-11-10,17:30:00,La Liga,13,finished,0.0,1.0,2024/25,2026-03-20 10:36:41.751+00,
12437663,Espanyol,Las Palmas,2025-05-24,16:30:00,La Liga,38,finished,2.0,0.0,2024/25,2026-03-20 10:35:59.29+00,
12437664,Girona FC,Osasuna,2024-08-29,17:00:00,La Liga,3,finished,4.0,0.0,2024/25,2026-03-20 10:36:41.751+00,
12437665,Real Sociedad,Getafe,2025-01-26,15:15:00,La Liga,21,finished,0.0,3.0,2024/25,2026-03-20 10:36:11.486+00,
12437666,Leganés,Sevilla,2024-11-09,20:00:00,La Liga,13,finished,1.0,0.0,2024/25,2026-03-20 10:37:09.402+00,
12437667,Mallorca,Sevilla,2024-08-27,17:00:00,La Liga,3,finished,0.0,0.0,2024/25,2026-03-20 10:37:22.4+00,
12437668,Espanyol,Valencia,2024-11-09,17:30:00,La Liga,13,postponed,,,2024/25,2026-03-20 10:36:56.785+00,
12437669,Las Palmas,Real Madrid,2024-08-29,19:30:00,La Liga,3,finished,1.0,1.0,2024/25,2026-03-20 10:35:01.82+00,
12437670,Real Valladolid,Athletic Club,2024-11-10,17:30:00,La Liga,13,finished,1.0,1.0,2024/25,2026-03-20 10:36:18.928+00,
12437671,Rayo Vallecano,Girona FC,2025-01-26,13:00:00,La Liga,21,finished,2.0,1.0,2024/25,2026-03-20 10:36:47.851+00,
12437672,Rayo Vallecano,Barcelona,2024-08-27,19:30:00,La Liga,3,finished,1.0,2.0,2024/25,2026-03-20 10:36:47.851+00,
12437673,Mallorca,Atlético Madrid,2024-11-10,15:15:00,La Liga,13,finished,0.0,1.0,2024/25,2026-03-20 10:37:22.401+00,
12437674,Villarreal,Celta Vigo,2024-08-26,19:30:00,La Liga,3,finished,4.0,3.0,2024/25,2026-03-20 10:35:38.55+00,
12437675,Real Sociedad,Barcelona,2024-11-10,20:00:00,La Liga,13,finished,1.0,0.0,2024/25,2026-03-20 10:35:49.607+00,
12437676,Real Sociedad,Deportivo Alavés,2024-08-28,19:30:00,La Liga,3,finished,1.0,2.0,2024/25,2026-03-20 10:37:32.919+00,
12437677,Real Valladolid,Real Madrid,2025-01-25,20:00:00,La Liga,21,finished,0.0,3.0,2024/25,2026-03-20 10:35:01.798+00,
12437678,Real Madrid,Osasuna,2024-11-09,13:00:00,La Liga,13,finished,4.0,0.0,2024/25,2026-03-20 10:36:30.652+00,
12437680,Rayo Vallecano,Las Palmas,2024-11-08,20:00:00,La Liga,13,finished,1.0,3.0,2024/25,2026-03-20 10:36:47.851+00,
12437681,Atlético Madrid,Espanyol,2024-08-28,19:30:00,La Liga,3,finished,0.0,0.0,2024/25,2026-03-20 10:35:59.334+00,
12437682,Villarreal,Deportivo Alavés,2024-11-09,15:15:00,La Liga,13,finished,3.0,0.0,2024/25,2026-03-20 10:37:32.919+00,
12437683,Sevilla,Espanyol,2025-01-25,17:30:00,La Liga,21,finished,1.0,1.0,2024/25,2026-03-20 10:37:09.36+00,
12437684,Athletic Club,Atlético Madrid,2024-08-31,17:00:00,La Liga,4,finished,0.0,1.0,2024/25,2026-03-20 10:36:18.948+00,
12437685,Athletic Club,Real Sociedad,2024-11-24,20:00:00,La Liga,14,finished,1.0,0.0,2024/25,2026-03-20 10:36:18.928+00,
12437686,Getafe,Real Valladolid,2024-11-22,20:00:00,La Liga,14,finished,2.0,0.0,2024/25,2026-03-20 10:36:11.527+00,
12437687,Barcelona,Real Valladolid,2024-08-31,15:00:00,La Liga,4,finished,7.0,0.0,2024/25,2026-03-20 10:34:55.086+00,
12437688,Osasuna,Villarreal,2024-11-24,13:00:00,La Liga,14,finished,2.0,2.0,2024/25,2026-03-20 10:36:30.652+00,
12437689,Atlético Madrid,Mallorca,2025-02-01,17:30:00,La Liga,22,finished,2.0,0.0,2024/25,2026-03-20 10:37:22.249+00,
12437690,Getafe,Real Sociedad,2024-09-01,17:15:00,La Liga,4,finished,0.0,0.0,2024/25,2026-03-20 10:36:11.527+00,
12437691,Las Palmas,Mallorca,2024-11-23,17:30:00,La Liga,14,finished,2.0,3.0,2024/25,2026-03-20 10:37:22.401+00,
12437692,Valencia,Villarreal,2024-08-31,19:30:00,La Liga,4,finished,1.0,1.0,2024/25,2026-03-20 10:36:56.785+00,
12437693,Leganés,Real Madrid,2024-11-24,17:30:00,La Liga,14,finished,0.0,3.0,2024/25,2026-03-20 10:35:01.82+00,
12437694,Deportivo Alavés,Las Palmas,2024-09-01,15:00:00,La Liga,4,finished,2.0,0.0,2024/25,2026-03-20 10:37:32.919+00,
12437695,Getafe,Sevilla,2025-02-01,13:00:00,La Liga,22,finished,0.0,0.0,2024/25,2026-03-20 10:37:09.36+00,
12437696,Celta Vigo,Barcelona,2024-11-23,20:00:00,La Liga,14,finished,2.0,2.0,2024/25,2026-03-20 10:35:38.55+00,
12437697,Leganés,Mallorca,2024-08-31,19:30:00,La Liga,4,finished,0.0,1.0,2024/25,2026-03-20 10:37:22.4+00,
12437698,Valencia,Real Betis,2024-11-23,13:00:00,La Liga,14,finished,4.0,2.0,2024/25,2026-03-20 10:36:56.785+00,
12437699,Espanyol,Rayo Vallecano,2024-08-31,17:15:00,La Liga,4,finished,2.0,1.0,2024/25,2026-03-20 10:36:47.851+00,
12437700,Sevilla,Rayo Vallecano,2024-11-24,15:15:00,La Liga,14,finished,1.0,0.0,2024/25,2026-03-20 10:37:09.402+00,
12437701,Girona FC,Las Palmas,2025-02-03,20:00:00,La Liga,22,finished,2.0,1.0,2024/25,2026-03-20 10:36:41.707+00,
12437702,Real Madrid,Real Betis,2024-09-01,19:30:00,La Liga,4,finished,2.0,0.0,2024/25,2026-03-20 10:35:27.284+00,
12437703,Atlético Madrid,Deportivo Alavés,2024-11-23,15:15:00,La Liga,14,finished,2.0,1.0,2024/25,2026-03-20 10:37:32.919+00,
12437704,Osasuna,Celta Vigo,2024-09-01,15:00:00,La Liga,4,finished,3.0,2.0,2024/25,2026-03-20 10:36:30.652+00,
12437705,Girona FC,Espanyol,2024-11-23,17:30:00,La Liga,14,finished,4.0,1.0,2024/25,2026-03-20 10:36:41.751+00,
12437706,Sevilla,Girona FC,2024-09-01,17:00:00,La Liga,4,finished,0.0,2.0,2024/25,2026-03-20 10:37:09.402+00,
12437707,Osasuna,Real Sociedad,2025-02-02,17:30:00,La Liga,22,finished,2.0,1.0,2024/25,2026-03-20 10:36:30.632+00,
12437708,Barcelona,Las Palmas,2024-11-30,13:00:00,La Liga,15,finished,1.0,2.0,2024/25,2026-03-20 10:34:54.949+00,
12437709,Atlético Madrid,Valencia,2024-09-15,19:00:00,La Liga,5,finished,3.0,0.0,2024/25,2026-03-20 10:36:56.785+00,
12437710,Mallorca,Valencia,2024-11-29,20:00:00,La Liga,15,finished,2.0,1.0,2024/25,2026-03-20 10:37:22.401+00,
12437711,Real Betis,Leganés,2024-09-13,19:00:00,La Liga,5,finished,2.0,0.0,2024/25,2026-03-20 10:35:27.284+00,
12437712,Deportivo Alavés,Leganés,2024-11-30,15:15:00,La Liga,15,finished,1.0,1.0,2024/25,2026-03-20 10:37:32.919+00,
12437713,Villarreal,Real Valladolid,2025-02-01,15:15:00,La Liga,22,finished,5.0,1.0,2024/25,2026-03-20 10:35:18.539+00,
12437714,Celta Vigo,Real Valladolid,2024-09-15,12:00:00,La Liga,5,finished,3.0,1.0,2024/25,2026-03-20 10:35:38.55+00,
12437715,Espanyol,Celta Vigo,2024-11-30,17:30:00,La Liga,15,finished,3.0,1.0,2024/25,2026-03-20 10:35:59.334+00,
12437716,Mallorca,Villarreal,2024-09-14,12:00:00,La Liga,5,finished,1.0,2.0,2024/25,2026-03-20 10:37:22.4+00,
12437717,Rayo Vallecano,Athletic Club,2024-12-01,17:30:00,La Liga,15,finished,1.0,2.0,2024/25,2026-03-20 10:36:47.851+00,
12437718,Las Palmas,Athletic Club,2024-09-15,16:30:00,La Liga,5,finished,2.0,3.0,2024/25,2026-03-20 10:36:18.948+00,
12437719,Leganés,Rayo Vallecano,2025-01-31,20:00:00,La Liga,22,finished,0.0,1.0,2024/25,2026-03-20 10:36:47.851+00,
12437720,Real Valladolid,Atlético Madrid,2024-11-30,20:00:00,La Liga,15,finished,0.0,5.0,2024/25,2026-03-20 10:35:08.157+00,
12437721,Girona FC,Barcelona,2024-09-15,14:15:00,La Liga,5,finished,1.0,4.0,2024/25,2026-03-20 10:36:41.751+00,
12437722,Real Sociedad,Real Betis,2024-12-01,20:00:00,La Liga,15,finished,2.0,0.0,2024/25,2026-03-20 10:35:49.607+00,
12437723,Sevilla,Getafe,2024-09-14,16:30:00,La Liga,5,finished,1.0,0.0,2024/25,2026-03-20 10:37:09.402+00,
12437724,Real Madrid,Getafe,2024-12-01,15:15:00,La Liga,15,finished,2.0,0.0,2024/25,2026-03-20 10:36:11.527+00,
12437725,Espanyol,Real Madrid,2025-02-01,20:00:00,La Liga,22,finished,1.0,0.0,2024/25,2026-03-20 10:35:59.29+00,
12437726,Rayo Vallecano,Osasuna,2024-09-16,19:00:00,La Liga,5,finished,3.0,1.0,2024/25,2026-03-20 10:36:47.851+00,
12437727,Villarreal,Girona FC,2024-12-01,13:00:00,La Liga,15,finished,2.0,2.0,2024/25,2026-03-20 10:36:41.751+00,
12437728,Real Sociedad,Real Madrid,2024-09-14,19:00:00,La Liga,5,finished,0.0,2.0,2024/25,2026-03-20 10:35:49.649+00,
12437729,Sevilla,Osasuna,2024-12-02,20:00:00,La Liga,15,finished,1.0,1.0,2024/25,2026-03-20 10:37:09.402+00,
12437730,Espanyol,Deportivo Alavés,2024-09-14,14:15:00,La Liga,5,finished,3.0,2.0,2024/25,2026-03-20 10:37:32.919+00,
12437731,Athletic Club,Villarreal,2024-12-08,15:15:00,La Liga,16,finished,2.0,0.0,2024/25,2026-03-20 10:36:18.928+00,
12437732,Real Betis,Athletic Club,2025-02-02,20:00:00,La Liga,22,finished,2.0,2.0,2024/25,2026-03-20 10:36:18.928+00,
12437733,Atlético Madrid,Sevilla,2024-12-08,20:00:00,La Liga,16,finished,4.0,3.0,2024/25,2026-03-20 10:37:09.402+00,
12437734,Athletic Club,Celta Vigo,2024-09-22,14:15:00,La Liga,6,finished,3.0,1.0,2024/25,2026-03-20 10:36:18.948+00,
12437735,Celta Vigo,Mallorca,2024-12-06,20:00:00,La Liga,16,finished,2.0,0.0,2024/25,2026-03-20 10:37:22.401+00,
12437736,Real Betis,Mallorca,2024-09-23,19:00:00,La Liga,6,finished,1.0,2.0,2024/25,2026-03-20 10:37:22.401+00,
12437737,Valencia,Celta Vigo,2025-02-02,15:15:00,La Liga,22,finished,2.0,1.0,2024/25,2026-03-20 10:36:56.76+00,
12437738,Girona FC,Real Madrid,2024-12-07,20:00:00,La Liga,16,finished,0.0,3.0,2024/25,2026-03-20 10:36:41.751+00,
12437739,Getafe,Leganés,2024-09-22,12:00:00,La Liga,6,finished,1.0,1.0,2024/25,2026-03-20 10:36:11.527+00,
12437741,Deportivo Alavés,Sevilla,2024-09-20,19:00:00,La Liga,6,finished,2.0,1.0,2024/25,2026-03-20 10:37:32.919+00,
12437742,Leganés,Real Sociedad,2024-12-08,13:00:00,La Liga,16,finished,0.0,3.0,2024/25,2026-03-20 10:35:49.607+00,
12437743,Barcelona,Deportivo Alavés,2025-02-02,13:00:00,La Liga,22,finished,1.0,0.0,2024/25,2026-03-20 10:37:32.876+00,
12437744,Rayo Vallecano,Atlético Madrid,2024-09-22,19:00:00,La Liga,6,finished,1.0,1.0,2024/25,2026-03-20 10:36:47.851+00,
12437745,Real Betis,Barcelona,2024-12-07,15:15:00,La Liga,16,finished,2.0,2.0,2024/25,2026-03-20 10:35:27.263+00,
12437746,Villarreal,Barcelona,2024-09-22,16:30:00,La Liga,6,finished,1.0,5.0,2024/25,2026-03-20 10:35:18.539+00,
12437747,Valencia,Rayo Vallecano,2024-12-07,17:30:00,La Liga,16,finished,0.0,1.0,2024/25,2026-03-20 10:36:56.785+00,
12437748,Valencia,Girona FC,2024-09-21,16:30:00,La Liga,6,finished,2.0,0.0,2024/25,2026-03-20 10:36:56.785+00,
12437749,Athletic Club,Girona FC,2025-02-08,15:15:00,La Liga,23,finished,3.0,0.0,2024/25,2026-03-20 10:36:41.707+00,
12437750,Osasuna,Deportivo Alavés,2024-12-08,17:30:00,La Liga,16,finished,2.0,2.0,2024/25,2026-03-20 10:37:32.919+00,
12437751,Real Valladolid,Real Sociedad,2024-09-21,12:00:00,La Liga,6,finished,0.0,0.0,2024/25,2026-03-20 10:35:49.649+00,
12437752,Getafe,Espanyol,2024-12-09,20:00:00,La Liga,16,finished,1.0,0.0,2024/25,2026-03-20 10:36:11.527+00,
12437753,Osasuna,Las Palmas,2024-09-21,14:15:00,La Liga,6,finished,2.0,1.0,2024/25,2026-03-20 10:36:30.652+00,
12437754,Mallorca,Osasuna,2025-02-10,20:00:00,La Liga,23,finished,1.0,1.0,2024/25,2026-03-20 10:37:22.249+00,
12437755,Atlético Madrid,Getafe,2024-12-15,13:00:00,La Liga,17,finished,1.0,0.0,2024/25,2026-03-20 10:36:11.527+00,
12437756,Real Madrid,Espanyol,2024-09-21,19:00:00,La Liga,6,finished,4.0,1.0,2024/25,2026-03-20 10:35:59.334+00,
12437757,Barcelona,Leganés,2024-12-15,20:00:00,La Liga,17,finished,0.0,1.0,2024/25,2026-03-20 10:34:54.949+00,
12437758,Barcelona,Getafe,2024-09-25,19:00:00,La Liga,7,finished,1.0,0.0,2024/25,2026-03-20 10:36:11.527+00,
12437759,Rayo Vallecano,Real Madrid,2024-12-14,20:00:00,La Liga,17,finished,3.0,3.0,2024/25,2026-03-20 10:36:47.851+00,
12437760,Rayo Vallecano,Real Valladolid,2025-02-07,20:00:00,La Liga,23,finished,1.0,0.0,2024/25,2026-03-20 10:36:47.851+00,
12437761,Girona FC,Rayo Vallecano,2024-09-25,17:00:00,La Liga,7,finished,0.0,0.0,2024/25,2026-03-20 10:36:47.851+00,
12437762,Deportivo Alavés,Athletic Club,2024-12-15,15:15:00,La Liga,17,finished,1.0,1.0,2024/25,2026-03-20 10:37:32.876+00,
12437763,Mallorca,Real Sociedad,2024-09-17,17:00:00,La Liga,7,finished,1.0,0.0,2024/25,2026-03-20 10:37:22.401+00,
12437764,Espanyol,Osasuna,2024-12-14,13:00:00,La Liga,17,finished,0.0,0.0,2024/25,2026-03-20 10:36:30.652+00,
12437765,Las Palmas,Villarreal,2025-02-08,17:30:00,La Liga,23,finished,1.0,2.0,2024/25,2026-03-20 10:35:18.539+00,
12437766,Sevilla,Real Valladolid,2024-09-24,17:00:00,La Liga,7,finished,2.0,1.0,2024/25,2026-03-20 10:37:09.402+00,
12437767,Villarreal,Real Betis,2024-12-15,17:30:00,La Liga,17,finished,1.0,2.0,2024/25,2026-03-20 10:35:27.263+00,
12437768,Espanyol,Villarreal,2024-09-26,17:00:00,La Liga,7,finished,1.0,2.0,2024/25,2026-03-20 10:35:59.334+00,
12437769,Sevilla,Celta Vigo,2024-12-14,17:30:00,La Liga,17,finished,1.0,0.0,2024/25,2026-03-20 10:37:09.402+00,
12437770,Deportivo Alavés,Getafe,2025-02-09,13:00:00,La Liga,23,finished,0.0,1.0,2024/25,2026-03-20 10:37:32.876+00,
12437771,Mallorca,Girona FC,2024-12-14,15:15:00,La Liga,17,finished,2.0,1.0,2024/25,2026-03-20 10:37:22.249+00,
12437772,Leganés,Athletic Club,2024-09-19,17:00:00,La Liga,7,finished,0.0,2.0,2024/25,2026-03-20 10:36:18.948+00,
12437773,Real Valladolid,Valencia,2024-12-13,20:00:00,La Liga,17,finished,1.0,0.0,2024/25,2026-03-20 10:36:56.785+00,
12437774,Celta Vigo,Atlético Madrid,2024-09-26,19:00:00,La Liga,7,finished,0.0,1.0,2024/25,2026-03-20 10:35:38.55+00,
12437775,Real Madrid,Atlético Madrid,2025-02-08,20:00:00,La Liga,23,finished,1.0,1.0,2024/25,2026-03-20 10:35:08.157+00,
12437776,Real Sociedad,Las Palmas,2024-12-15,17:30:00,La Liga,17,finished,0.0,0.0,2024/25,2026-03-20 10:35:49.607+00,
12437777,Las Palmas,Real Betis,2024-09-26,17:00:00,La Liga,7,finished,1.0,1.0,2024/25,2026-03-20 10:35:27.284+00,
12437778,Real Betis,Rayo Vallecano,2024-12-22,20:00:00,La Liga,18,finished,1.0,1.0,2024/25,2026-03-20 10:36:47.851+00,
12437779,Valencia,Osasuna,2024-09-24,17:00:00,La Liga,7,finished,0.0,0.0,2024/25,2026-03-20 10:36:56.785+00,
12437780,Celta Vigo,Real Sociedad,2024-12-21,15:15:00,La Liga,18,finished,2.0,0.0,2024/25,2026-03-20 10:35:49.607+00,
12437781,Sevilla,Barcelona,2025-02-09,20:00:00,La Liga,23,finished,1.0,4.0,2024/25,2026-03-20 10:37:09.36+00,
12437782,Real Madrid,Deportivo Alavés,2024-09-24,19:00:00,La Liga,7,finished,3.0,2.0,2024/25,2026-03-20 10:37:32.919+00,
12437783,Getafe,Mallorca,2024-12-21,13:00:00,La Liga,18,finished,0.0,1.0,2024/25,2026-03-20 10:37:22.249+00,
12437784,Athletic Club,Sevilla,2024-09-29,14:15:00,La Liga,8,finished,1.0,1.0,2024/25,2026-03-20 10:37:09.402+00,
12437785,Girona FC,Real Valladolid,2024-12-20,20:00:00,La Liga,18,finished,3.0,0.0,2024/25,2026-03-20 10:36:41.707+00,
12437786,Celta Vigo,Real Betis,2025-02-08,13:00:00,La Liga,23,finished,3.0,2.0,2024/25,2026-03-20 10:35:38.55+00,
12437787,Atlético Madrid,Real Madrid,2024-09-29,19:00:00,La Liga,8,finished,1.0,1.0,2024/25,2026-03-20 10:35:08.201+00,
12437788,Real Madrid,Sevilla,2024-12-22,15:15:00,La Liga,18,finished,4.0,2.0,2024/25,2026-03-20 10:37:09.36+00,
12437789,Celta Vigo,Girona FC,2024-09-29,12:00:00,La Liga,8,finished,1.0,1.0,2024/25,2026-03-20 10:36:41.751+00,
12437790,Leganés,Villarreal,2024-12-22,17:30:00,La Liga,18,finished,2.0,5.0,2024/25,2026-03-20 10:35:18.539+00,
12437791,Valencia,Leganés,2025-02-09,15:15:00,La Liga,23,finished,2.0,0.0,2024/25,2026-03-20 10:36:56.76+00,
12437792,Real Sociedad,Valencia,2024-09-28,16:30:00,La Liga,8,finished,3.0,0.0,2024/25,2026-03-20 10:36:56.785+00,
12437793,Osasuna,Athletic Club,2024-12-21,17:30:00,La Liga,18,finished,1.0,2.0,2024/25,2026-03-20 10:36:30.652+00,
12437794,Barcelona,Atlético Madrid,2024-12-21,20:00:00,La Liga,18,finished,1.0,2.0,2024/25,2026-03-20 10:35:08.157+00,
12437795,Osasuna,Barcelona,2024-09-28,19:00:00,La Liga,8,finished,4.0,2.0,2024/25,2026-03-20 10:36:30.652+00,
12437796,Real Sociedad,Espanyol,2025-02-09,17:30:00,La Liga,23,finished,2.0,1.0,2024/25,2026-03-20 10:35:59.29+00,
12437797,Valencia,Deportivo Alavés,2024-12-22,13:00:00,La Liga,18,finished,2.0,2.0,2024/25,2026-03-20 10:37:32.876+00,
12437798,Real Valladolid,Mallorca,2024-09-27,19:00:00,La Liga,8,finished,1.0,2.0,2024/25,2026-03-20 10:37:22.401+00,
12437799,Las Palmas,Espanyol,2024-12-22,17:30:00,La Liga,18,finished,1.0,0.0,2024/25,2026-03-20 10:35:59.289+00,
12437800,Villarreal,Las Palmas,2024-09-30,19:00:00,La Liga,8,finished,3.0,1.0,2024/25,2026-03-20 10:35:18.539+00,
12437801,Athletic Club,Real Madrid,2024-12-04,20:00:00,La Liga,19,finished,2.0,1.0,2024/25,2026-03-20 10:36:18.928+00,
12437802,Atlético Madrid,Celta Vigo,2025-02-15,17:30:00,La Liga,24,finished,1.0,1.0,2024/25,2026-03-20 10:35:38.55+00,
12437803,Getafe,Deportivo Alavés,2024-09-28,12:00:00,La Liga,8,finished,2.0,0.0,2024/25,2026-03-20 10:37:32.919+00,
12437804,Atlético Madrid,Osasuna,2025-01-12,15:15:00,La Liga,19,finished,1.0,0.0,2024/25,2026-03-20 10:36:30.652+00,
12437805,Rayo Vallecano,Leganés,2024-09-28,14:15:00,La Liga,8,finished,1.0,1.0,2024/25,2026-03-20 10:36:47.851+00,
12437806,Barcelona,Rayo Vallecano,2025-02-17,20:00:00,La Liga,24,finished,1.0,0.0,2024/25,2026-03-20 10:36:47.851+00,
12437807,Real Sociedad,Villarreal,2025-01-13,20:00:00,La Liga,19,finished,1.0,0.0,2024/25,2026-03-20 10:35:49.607+00,
12437808,Real Betis,Espanyol,2024-09-29,16:30:00,La Liga,8,finished,1.0,0.0,2024/25,2026-03-20 10:35:59.334+00,
12437809,Sevilla,Valencia,2025-01-11,20:00:00,La Liga,19,finished,1.0,1.0,2024/25,2026-03-20 10:37:09.36+00,
12437810,Getafe,Osasuna,2024-10-05,14:15:00,La Liga,9,finished,1.0,1.0,2024/25,2026-03-20 10:36:30.652+00,
12437811,Real Betis,Real Sociedad,2025-02-16,20:00:00,La Liga,24,finished,3.0,0.0,2024/25,2026-03-20 10:35:49.607+00,
12437812,Deportivo Alavés,Girona FC,2025-01-11,13:00:00,La Liga,19,finished,0.0,1.0,2024/25,2026-03-20 10:37:32.876+00,
12437813,Real Madrid,Villarreal,2024-10-05,19:00:00,La Liga,9,finished,2.0,0.0,2024/25,2026-03-20 10:35:18.539+00,
12437814,Espanyol,Leganés,2025-01-11,17:30:00,La Liga,19,finished,1.0,1.0,2024/25,2026-03-20 10:35:59.289+00,
12437815,Deportivo Alavés,Barcelona,2024-10-06,14:15:00,La Liga,9,finished,0.0,3.0,2024/25,2026-03-20 10:37:32.919+00,
12437816,Mallorca,Barcelona,2024-12-03,18:00:00,La Liga,19,finished,1.0,5.0,2024/25,2026-03-20 10:37:22.401+00,
12437817,Osasuna,Real Madrid,2025-02-15,15:15:00,La Liga,24,finished,1.0,1.0,2024/25,2026-03-20 10:36:30.632+00,
12437818,Leganés,Valencia,2024-10-04,19:00:00,La Liga,9,finished,0.0,0.0,2024/25,2026-03-20 10:36:56.785+00,
12437819,Real Valladolid,Real Betis,2025-01-11,15:15:00,La Liga,19,finished,1.0,0.0,2024/25,2026-03-20 10:35:27.263+00,
12437820,Espanyol,Mallorca,2024-10-05,12:00:00,La Liga,9,finished,2.0,1.0,2024/25,2026-03-20 10:37:22.401+00,
12437821,Espanyol,Athletic Club,2025-02-16,13:00:00,La Liga,24,finished,1.0,1.0,2024/25,2026-03-20 10:36:18.928+00,
12437822,Rayo Vallecano,Celta Vigo,2025-01-10,20:00:00,La Liga,19,finished,2.0,1.0,2024/25,2026-03-20 10:36:47.851+00,
12437823,Las Palmas,Getafe,2025-01-12,13:00:00,La Liga,19,finished,1.0,2.0,2024/25,2026-03-20 10:36:11.485+00,
12437824,Girona FC,Athletic Club,2024-10-06,12:00:00,La Liga,9,finished,2.0,1.0,2024/25,2026-03-20 10:36:41.751+00,
12437825,Girona FC,Getafe,2025-02-14,20:00:00,La Liga,24,finished,1.0,2.0,2024/25,2026-03-20 10:36:41.707+00,
12437826,Real Sociedad,Atlético Madrid,2024-10-06,19:00:00,La Liga,9,finished,1.0,1.0,2024/25,2026-03-20 10:35:49.607+00,
12437827,Girona FC,Sevilla,2025-01-18,13:00:00,La Liga,20,finished,1.0,2.0,2024/25,2026-03-20 10:37:09.36+00,
12437828,Sevilla,Real Betis,2024-10-06,16:30:00,La Liga,9,finished,1.0,0.0,2024/25,2026-03-20 10:37:09.402+00,
12437829,Osasuna,Rayo Vallecano,2025-01-19,17:30:00,La Liga,20,finished,1.0,1.0,2024/25,2026-03-20 10:36:47.851+00,
12437830,Real Valladolid,Sevilla,2025-02-16,15:15:00,La Liga,24,finished,0.0,4.0,2024/25,2026-03-20 10:37:09.36+00,
12437831,Espanyol,Real Valladolid,2025-01-17,20:00:00,La Liga,20,finished,2.0,1.0,2024/25,2026-03-20 10:35:59.289+00,
12437832,Las Palmas,Celta Vigo,2024-10-05,16:30:00,La Liga,9,finished,0.0,1.0,2024/25,2026-03-20 10:35:38.55+00,
12437833,Real Valladolid,Rayo Vallecano,2024-10-05,16:30:00,La Liga,9,finished,1.0,2.0,2024/25,2026-03-20 10:36:47.851+00,
12437834,Celta Vigo,Athletic Club,2025-01-19,13:00:00,La Liga,20,finished,1.0,2.0,2024/25,2026-03-20 10:36:18.928+00,
12437835,Atlético Madrid,Leganés,2024-10-20,14:15:00,La Liga,10,finished,3.0,1.0,2024/25,2026-03-20 10:35:08.201+00,
12437836,Villarreal,Valencia,2025-02-15,20:00:00,La Liga,24,finished,1.0,1.0,2024/25,2026-03-20 10:36:56.76+00,
12437837,Leganés,Atlético Madrid,2025-01-18,15:15:00,La Liga,20,finished,1.0,0.0,2024/25,2026-03-20 10:35:08.157+00,
12437838,Getafe,Barcelona,2025-01-18,20:00:00,La Liga,20,finished,1.0,1.0,2024/25,2026-03-20 10:36:11.485+00,
12437839,Barcelona,Sevilla,2024-10-20,19:00:00,La Liga,10,finished,5.0,1.0,2024/25,2026-03-20 10:37:09.402+00,
12437840,Villarreal,Mallorca,2025-01-20,20:00:00,La Liga,20,finished,4.0,0.0,2024/25,2026-03-20 10:37:22.249+00,
12437841,Mallorca,Las Palmas,2025-02-16,17:30:00,La Liga,24,finished,3.0,1.0,2024/25,2026-03-20 10:37:22.249+00,
12437842,Celta Vigo,Real Madrid,2024-10-19,19:00:00,La Liga,10,finished,1.0,2.0,2024/25,2026-03-20 10:35:38.55+00,
12437843,Girona FC,Real Sociedad,2024-10-19,16:30:00,La Liga,10,finished,0.0,1.0,2024/25,2026-03-20 10:36:41.751+00,
12437844,Valencia,Real Sociedad,2025-01-19,20:00:00,La Liga,20,finished,1.0,0.0,2024/25,2026-03-20 10:36:56.76+00,
12437845,Real Madrid,Las Palmas,2025-01-19,15:15:00,La Liga,20,finished,4.0,1.0,2024/25,2026-03-20 10:35:01.798+00,
12437846,Leganés,Deportivo Alavés,2025-02-15,13:00:00,La Liga,24,finished,3.0,3.0,2024/25,2026-03-20 10:37:32.876+00,
12437847,Mallorca,Rayo Vallecano,2024-10-20,12:00:00,La Liga,10,finished,1.0,0.0,2024/25,2026-03-20 10:37:22.401+00,
12437848,Real Betis,Deportivo Alavés,2025-01-18,17:30:00,La Liga,20,finished,1.0,3.0,2024/25,2026-03-20 10:37:32.876+00,
12437849,Deportivo Alavés,Real Valladolid,2024-10-18,19:00:00,La Liga,10,finished,2.0,3.0,2024/25,2026-03-20 10:37:32.919+00,
12437850,Athletic Club,Real Valladolid,2025-02-23,13:00:00,La Liga,25,finished,7.0,1.0,2024/25,2026-03-20 10:36:18.928+00,
12437851,Osasuna,Real Betis,2024-10-19,14:15:00,La Liga,10,finished,1.0,2.0,2024/25,2026-03-20 10:36:30.652+00,
12437852,Villarreal,Getafe,2024-10-20,16:30:00,La Liga,10,finished,1.0,1.0,2024/25,2026-03-20 10:36:11.527+00,
12437853,Celta Vigo,Osasuna,2025-02-21,20:00:00,La Liga,25,finished,1.0,0.0,2024/25,2026-03-20 10:36:30.632+00,
12437854,Valencia,Las Palmas,2024-10-21,19:00:00,La Liga,10,finished,2.0,3.0,2024/25,2026-03-20 10:36:56.785+00,
12437855,Athletic Club,Espanyol,2024-10-19,12:00:00,La Liga,10,finished,4.0,1.0,2024/25,2026-03-20 10:36:18.948+00,
12437856,Rayo Vallecano,Villarreal,2025-02-22,15:15:00,La Liga,25,finished,0.0,1.0,2024/25,2026-03-20 10:36:47.851+00,
12437857,Deportivo Alavés,Espanyol,2025-02-22,13:00:00,La Liga,25,finished,0.0,1.0,2024/25,2026-03-20 10:37:32.876+00,
12437858,Valencia,Atlético Madrid,2025-02-22,17:30:00,La Liga,25,finished,0.0,3.0,2024/25,2026-03-20 10:36:56.76+00,
12437859,Las Palmas,Barcelona,2025-02-22,20:00:00,La Liga,25,finished,0.0,2.0,2024/25,2026-03-20 10:34:54.949+00,
12437860,Getafe,Real Betis,2025-02-23,17:30:00,La Liga,25,finished,1.0,2.0,2024/25,2026-03-20 10:36:11.486+00,
12437861,Real Madrid,Girona FC,2025-02-23,15:15:00,La Liga,25,finished,2.0,0.0,2024/25,2026-03-20 10:36:41.707+00,
12437862,Sevilla,Mallorca,2025-02-24,20:00:00,La Liga,25,finished,1.0,1.0,2024/25,2026-03-20 10:37:22.249+00,
12437863,Real Sociedad,Leganés,2025-02-23,20:00:00,La Liga,25,finished,3.0,0.0,2024/25,2026-03-20 10:35:49.565+00,
12437864,Barcelona,Real Sociedad,2025-03-02,15:15:00,La Liga,26,finished,4.0,0.0,2024/25,2026-03-20 10:35:49.565+00,
12437865,Real Betis,Real Madrid,2025-03-01,17:30:00,La Liga,26,finished,2.0,1.0,2024/25,2026-03-20 10:35:27.263+00,
12437866,Osasuna,Valencia,2025-03-02,20:00:00,La Liga,26,finished,3.0,3.0,2024/25,2026-03-20 10:36:56.76+00,
12437867,Rayo Vallecano,Sevilla,2025-03-01,15:15:00,La Liga,26,finished,1.0,1.0,2024/25,2026-03-20 10:37:09.36+00,
12437868,Atlético Madrid,Athletic Club,2025-03-01,20:00:00,La Liga,26,finished,1.0,0.0,2024/25,2026-03-20 10:36:18.928+00,
12437869,Girona FC,Celta Vigo,2025-03-01,13:00:00,La Liga,26,finished,2.0,2.0,2024/25,2026-03-20 10:36:41.707+00,
12437870,Leganés,Getafe,2025-03-02,13:00:00,La Liga,26,finished,1.0,0.0,2024/25,2026-03-20 10:36:11.486+00,
12437872,Mallorca,Deportivo Alavés,2025-03-02,17:30:00,La Liga,26,finished,1.0,1.0,2024/25,2026-03-20 10:37:32.876+00,
12437874,Athletic Club,Mallorca,2025-03-09,17:30:00,La Liga,27,finished,1.0,1.0,2024/25,2026-03-20 10:37:22.249+00,
12437876,Real Betis,Las Palmas,2025-03-09,17:30:00,La Liga,27,finished,1.0,0.0,2024/25,2026-03-20 10:35:27.263+00,
12437877,Celta Vigo,Leganés,2025-03-08,13:00:00,La Liga,27,finished,2.0,1.0,2024/25,2026-03-20 10:35:38.55+00,
12437878,Real Sociedad,Sevilla,2025-03-09,20:00:00,La Liga,27,finished,0.0,1.0,2024/25,2026-03-20 10:37:09.36+00,
12437879,Valencia,Real Valladolid,2025-03-08,17:30:00,La Liga,27,finished,2.0,1.0,2024/25,2026-03-20 10:36:56.76+00,
12437880,Espanyol,Girona FC,2025-03-10,20:00:00,La Liga,27,finished,1.0,1.0,2024/25,2026-03-20 10:36:41.707+00,
12437881,Espanyol,Atlético Madrid,2025-03-29,15:15:00,La Liga,29,finished,1.0,1.0,2024/25,2026-03-20 10:35:59.29+00,
12437882,Leganés,Osasuna,2025-04-07,19:00:00,La Liga,30,finished,1.0,1.0,2024/25,2026-03-20 10:36:30.632+00,
12437883,Villarreal,Athletic Club,2025-04-06,19:00:00,La Liga,30,finished,0.0,0.0,2024/25,2026-03-20 10:36:18.929+00,
12437884,Sevilla,Atlético Madrid,2025-04-06,14:15:00,La Liga,30,finished,1.0,2.0,2024/25,2026-03-20 10:37:09.36+00,
12437885,Mallorca,Celta Vigo,2025-04-05,16:30:00,La Liga,30,finished,1.0,2.0,2024/25,2026-03-20 10:37:22.249+00,
12437886,Real Valladolid,Getafe,2025-04-06,16:30:00,La Liga,30,finished,0.0,4.0,2024/25,2026-03-20 10:36:11.486+00,
12437887,Girona FC,Deportivo Alavés,2025-04-05,12:00:00,La Liga,30,finished,0.0,1.0,2024/25,2026-03-20 10:37:32.876+00,
12437888,Rayo Vallecano,Espanyol,2025-04-04,19:00:00,La Liga,30,finished,0.0,4.0,2024/25,2026-03-20 10:36:47.809+00,
12695699,FC Kryvbas Kryvyi Rih,Real Betis,2024-08-22,18:00:00,UEFA Conference League,Playoff round,finished,0.0,2.0,2024/25,2026-03-20 10:35:27.284+00,
12698473,Real Betis,FC Kryvbas Kryvyi Rih,2024-08-29,19:00:00,UEFA Conference League,Playoff round,finished,3.0,0.0,2024/25,2026-03-20 10:35:27.284+00,
12763938,Milan,Girona FC,2025-01-22,20:00:00,UEFA Champions League,7,finished,1.0,0.0,2024/25,2026-03-20 10:36:41.707+00,
12763974,Atalanta,Real Madrid,2024-12-10,20:00:00,UEFA Champions League,6,finished,2.0,3.0,2024/25,2026-03-20 10:35:01.82+00,
12763983,Atlético Madrid,Bayer 04 Leverkusen,2025-01-21,20:00:00,UEFA Champions League,7,finished,2.0,1.0,2024/25,2026-03-20 10:35:08.157+00,
12763988,Atlético Madrid,Lille,2024-10-23,19:00:00,UEFA Champions League,3,finished,1.0,3.0,2024/25,2026-03-20 10:35:08.201+00,
12763995,Atlético Madrid,RB Leipzig,2024-09-19,19:00:00,UEFA Champions League,1,finished,2.0,1.0,2024/25,2026-03-20 10:35:08.201+00,
12764001,Atlético Madrid,ŠK Slovan Bratislava,2024-12-11,17:45:00,UEFA Champions League,6,finished,3.0,1.0,2024/25,2026-03-20 10:35:08.157+00,
12764006,Barcelona,Atalanta,2025-01-29,20:00:00,UEFA Champions League,8,finished,2.0,2.0,2024/25,2026-03-20 10:34:54.949+00,
12764009,Roma,Athletic Club,2024-09-26,19:00:00,UEFA Europa League,1,finished,1.0,1.0,2024/25,2026-03-20 10:36:18.948+00,
12764014,Barcelona,FC Bayern München,2024-10-23,19:00:00,UEFA Champions League,3,finished,4.0,1.0,2024/25,2026-03-20 10:34:55.086+00,
12764020,Barcelona,Stade Brestois,2024-11-26,20:00:00,UEFA Champions League,5,finished,3.0,0.0,2024/25,2026-03-20 10:34:55.086+00,
12764029,Barcelona,BSC Young Boys,2024-10-01,19:00:00,UEFA Champions League,2,finished,5.0,0.0,2024/25,2026-03-20 10:34:55.086+00,
12764081,Lazio,Real Sociedad,2025-01-23,20:00:00,UEFA Europa League,7,finished,3.0,1.0,2024/25,2026-03-20 10:35:49.607+00,
12764088,Benfica,Atlético Madrid,2024-10-02,19:00:00,UEFA Champions League,2,finished,4.0,0.0,2024/25,2026-03-20 10:35:08.201+00,
12764100,Benfica,Barcelona,2025-01-21,20:00:00,UEFA Champions League,7,finished,4.0,5.0,2024/25,2026-03-20 10:34:54.949+00,
12764113,Maccabi Tel Aviv,Real Sociedad,2024-10-24,16:45:00,UEFA Europa League,3,finished,1.0,2.0,2024/25,2026-03-20 10:35:49.607+00,
12764146,Borussia Dortmund,Barcelona,2024-12-11,20:00:00,UEFA Champions League,6,finished,2.0,3.0,2024/25,2026-03-20 10:34:54.949+00,
12764150,Fenerbahçe,Athletic Club,2024-12-11,15:30:00,UEFA Europa League,6,finished,0.0,2.0,2024/25,2026-03-20 10:36:18.928+00,
12764165,Stade Brestois,Real Madrid,2025-01-29,20:00:00,UEFA Champions League,8,finished,0.0,3.0,2024/25,2026-03-20 10:35:01.798+00,
12764193,Real Sociedad,AFC Ajax,2024-11-28,20:00:00,UEFA Europa League,5,finished,2.0,0.0,2024/25,2026-03-20 10:35:49.607+00,
12764200,Real Sociedad,PAOK,2025-01-30,20:00:00,UEFA Europa League,8,finished,2.0,0.0,2024/25,2026-03-20 10:35:49.607+00,
12764207,Real Sociedad,Dynamo Kyiv,2024-12-12,20:00:00,UEFA Europa League,6,finished,3.0,0.0,2024/25,2026-03-20 10:35:49.607+00,
12764209,FK Crvena zvezda,Barcelona,2024-11-06,20:00:00,UEFA Champions League,4,finished,2.0,5.0,2024/25,2026-03-20 10:34:55.086+00,
12764210,Real Sociedad,RSC Anderlecht,2024-10-03,16:45:00,UEFA Europa League,2,finished,1.0,2.0,2024/25,2026-03-20 10:35:49.607+00,
12764238,Ludogorets,Athletic Club,2024-11-07,17:45:00,UEFA Europa League,4,finished,1.0,2.0,2024/25,2026-03-20 10:36:18.928+00,
12764241,Girona FC,Arsenal,2025-01-29,20:00:00,UEFA Champions League,8,finished,1.0,2.0,2024/25,2026-03-20 10:36:41.707+00,
12764244,Girona FC,Feyenoord,2024-10-02,16:45:00,UEFA Champions League,2,finished,2.0,3.0,2024/25,2026-03-20 10:36:41.751+00,
12764249,Girona FC,Liverpool,2024-12-10,17:45:00,UEFA Champions League,6,finished,0.0,1.0,2024/25,2026-03-20 10:36:41.751+00,
12764255,Girona FC,ŠK Slovan Bratislava,2024-10-22,19:00:00,UEFA Champions League,3,finished,2.0,0.0,2024/25,2026-03-20 10:36:41.751+00,
12764268,FC Viktoria Plzeň,Real Sociedad,2024-11-07,20:00:00,UEFA Europa League,4,finished,2.0,1.0,2024/25,2026-03-20 10:35:49.607+00,
12764304,Lille,Real Madrid,2024-10-02,19:00:00,UEFA Champions League,2,finished,1.0,0.0,2024/25,2026-03-20 10:35:01.82+00,
12764318,Beşiktaş JK,Athletic Club,2025-01-22,15:30:00,UEFA Europa League,7,finished,4.0,1.0,2024/25,2026-03-20 10:36:18.928+00,
12764319,Athletic Club,SK Slavia Praha,2024-10-24,19:00:00,UEFA Europa League,3,finished,1.0,0.0,2024/25,2026-03-20 10:36:18.948+00,
12764321,Athletic Club,AZ Alkmaar,2024-10-03,19:00:00,UEFA Europa League,2,finished,2.0,0.0,2024/25,2026-03-20 10:36:18.948+00,
12764328,Liverpool,Real Madrid,2024-11-27,20:00:00,UEFA Champions League,5,finished,2.0,0.0,2024/25,2026-03-20 10:35:01.82+00,
12764329,Athletic Club,FC Viktoria Plzeň,2025-01-30,20:00:00,UEFA Europa League,8,finished,3.0,1.0,2024/25,2026-03-20 10:36:18.928+00,
12764338,Athletic Club,IF Elfsborg,2024-11-28,17:45:00,UEFA Europa League,5,finished,3.0,0.0,2024/25,2026-03-20 10:36:18.928+00,
12764344,Nice,Real Sociedad,2024-09-25,19:00:00,UEFA Europa League,1,finished,1.0,1.0,2024/25,2026-03-20 10:35:49.649+00,
12764362,AS Monaco,Barcelona,2024-09-19,19:00:00,UEFA Champions League,1,finished,2.0,1.0,2024/25,2026-03-20 10:34:55.086+00,
12764375,Paris Saint-Germain,Atlético Madrid,2024-11-06,20:00:00,UEFA Champions League,4,finished,1.0,2.0,2024/25,2026-03-20 10:35:08.201+00,
12764383,Paris Saint-Germain,Girona FC,2024-09-18,19:00:00,UEFA Champions League,1,finished,1.0,0.0,2024/25,2026-03-20 10:36:41.751+00,
12764396,PSV Eindhoven,Girona FC,2024-11-05,17:45:00,UEFA Champions League,4,finished,4.0,0.0,2024/25,2026-03-20 10:36:41.751+00,
12764432,Real Madrid,Milan,2024-11-05,20:00:00,UEFA Champions League,4,finished,1.0,3.0,2024/25,2026-03-20 10:35:01.82+00,
12764435,Real Madrid,Borussia Dortmund,2024-10-22,19:00:00,UEFA Champions League,3,finished,5.0,2.0,2024/25,2026-03-20 10:35:01.82+00,
12764439,Real Madrid,Red Bull Salzburg,2025-01-22,20:00:00,UEFA Champions League,7,finished,5.0,1.0,2024/25,2026-03-20 10:35:01.798+00,
12764442,Real Madrid,VfB Stuttgart,2024-09-17,19:00:00,UEFA Champions League,1,finished,3.0,1.0,2024/25,2026-03-20 10:35:01.82+00,
12764448,Red Bull Salzburg,Atlético Madrid,2025-01-29,20:00:00,UEFA Champions League,8,finished,1.0,4.0,2024/25,2026-03-20 10:35:08.157+00,
12764481,AC Sparta Praha,Atlético Madrid,2024-11-26,17:45:00,UEFA Champions League,5,finished,0.0,6.0,2024/25,2026-03-20 10:35:08.157+00,
12764501,SK Sturm Graz,Girona FC,2024-11-27,17:45:00,UEFA Champions League,5,finished,1.0,0.0,2024/25,2026-03-20 10:36:41.751+00,
12764884,Real Betis,FC København,2024-10-24,19:00:00,UEFA Conference League,2,finished,1.0,1.0,2024/25,2026-03-20 10:35:27.284+00,
12764892,Real Betis,HJK,2024-12-19,20:00:00,UEFA Conference League,6,finished,1.0,0.0,2024/25,2026-03-20 10:35:27.263+00,
12764894,Real Betis,NK Celje,2024-11-07,20:00:00,UEFA Conference League,3,finished,2.0,1.0,2024/25,2026-03-20 10:35:27.263+00,
12764912,Legia Warszawa,Real Betis,2024-10-03,16:45:00,UEFA Conference League,1,finished,1.0,0.0,2024/25,2026-03-20 10:35:27.284+00,
12765051,FC Petrocub Hîncesti,Real Betis,2024-12-12,17:45:00,UEFA Conference League,5,finished,0.0,1.0,2024/25,2026-03-20 10:35:27.263+00,
12765053,Mladá Boleslav,Real Betis,2024-11-28,20:00:00,UEFA Conference League,4,finished,2.0,1.0,2024/25,2026-03-20 10:35:27.263+00,
12778688,Real Betis,Getafe,2024-09-18,17:00:00,La Liga,3,finished,2.0,1.0,2024/25,2026-03-20 10:36:11.527+00,
12970144,Real Ávila CF,Real Oviedo,2024-10-31,19:00:00,Copa del Rey,Round 1,finished,3.0,0.0,2024/25,2026-03-20 10:37:56.008+00,
12970156,UD San Pedro,Celta Vigo,2024-10-30,20:00:00,Copa del Rey,Round 1,finished,1.0,5.0,2024/25,2026-03-20 10:35:38.55+00,
12970159,UE Vic,Atlético Madrid,2024-10-31,18:00:00,Copa del Rey,Round 1,finished,0.0,2.0,2024/25,2026-03-20 10:35:08.201+00,
12970160,SD Compostela,Deportivo Alavés,2024-10-29,18:00:00,Copa del Rey,Round 1,finished,0.0,1.0,2024/25,2026-03-20 10:37:32.919+00,
12970161,CD Extremadura,Girona FC,2024-10-30,20:00:00,Copa del Rey,Round 1,finished,0.0,4.0,2024/25,2026-03-20 10:36:41.751+00,
12970168,CD Gevora,Real Betis,2024-10-31,20:00:00,Copa del Rey,Round 1,finished,1.0,6.0,2024/25,2026-03-20 10:35:27.284+00,
12970175,CD Coria,Elche,2024-10-30,19:30:00,Copa del Rey,Round 1,finished,0.0,3.0,2024/25,2026-03-20 10:37:40.724+00,
12970179,C.D. Villamuriel,Rayo Vallecano,2024-10-29,18:00:00,Copa del Rey,Round 1,finished,0.0,5.0,2024/25,2026-03-20 10:36:47.851+00,
12970181,San Tirso SD,Espanyol,2024-10-31,18:00:00,Copa del Rey,Round 1,finished,0.0,4.0,2024/25,2026-03-20 10:35:59.334+00,
12970187,UD Poblense,Villarreal,2024-10-29,20:00:00,Copa del Rey,Round 1,finished,1.0,6.0,2024/25,2026-03-20 10:35:18.539+00,
12970188,Las Rozas CF,Sevilla,2024-10-30,18:00:00,Copa del Rey,Round 1,finished,0.0,3.0,2024/25,2026-03-20 10:37:09.402+00,
12970189,Jove Español De San Vicente,Real Sociedad,2024-11-21,20:00:00,Copa del Rey,Round 1,finished,0.0,5.0,2024/25,2026-03-20 10:35:49.607+00,
13053890,Chiclana CF,Osasuna,2024-11-05,18:00:00,Copa del Rey,Round 1,finished,0.0,5.0,2024/25,2026-03-20 10:36:30.652+00,
13082747,CP Parla Escuela,Valencia,2024-11-26,18:00:00,Copa del Rey,Round 1,finished,0.0,1.0,2024/25,2026-03-20 10:36:56.785+00,
13084539,Manises CF,Getafe,2024-11-26,18:00:00,Copa del Rey,Round 1,finished,0.0,3.0,2024/25,2026-03-20 10:36:11.527+00,
13085747,Pontevedra CF,Levante UD,2024-11-19,19:00:00,Copa del Rey,Round 1,finished,4.0,1.0,2024/25,2026-03-20 10:37:48.568+00,
13096804,Villarreal,Rayo Vallecano,2024-12-18,20:30:00,La Liga,12,finished,1.0,1.0,2024/25,2026-03-20 10:36:47.851+00,
13128822,Espanyol,Valencia,2024-12-18,20:30:00,La Liga,13,finished,1.0,1.0,2024/25,2026-03-20 10:36:56.785+00,
13173948,Yeclano Deportivo,Elche,2024-12-03,19:00:00,Copa del Rey,Round 2,finished,0.0,1.0,2024/25,2026-03-20 10:37:40.724+00,
13173950,Salamanca UDS,Celta Vigo,2024-12-03,20:00:00,Copa del Rey,Round 2,finished,0.0,7.0,2024/25,2026-03-20 10:35:38.55+00,
13173953,Unionistas de Salamanca CF,Rayo Vallecano,2024-12-04,18:00:00,Copa del Rey,Round 2,finished,2.0,3.0,2024/25,2026-03-20 10:36:47.851+00,
13173954,UE Sant Andreu,Real Betis,2024-12-04,18:00:00,Copa del Rey,Round 2,finished,1.0,3.0,2024/25,2026-03-20 10:35:27.263+00,
13173955,Unión Deportiva Barbastro,Espanyol,2024-12-03,20:00:00,Copa del Rey,Round 2,finished,2.0,0.0,2024/25,2026-03-20 10:35:59.334+00,
13173957,Deportiva Minera,Deportivo Alavés,2024-12-05,20:00:00,Copa del Rey,Round 2,finished,6.0,4.0,2024/25,2026-03-20 10:37:32.919+00,
13173958,CP Cacereño,Atlético Madrid,2024-12-05,18:00:00,Copa del Rey,Round 2,finished,1.0,3.0,2024/25,2026-03-20 10:35:08.157+00,
13173964,AD Ceuta,Osasuna,2024-12-05,18:00:00,Copa del Rey,Round 2,finished,2.0,3.0,2024/25,2026-03-20 10:36:30.652+00,
13173968,UD Logroñés,Girona FC,2024-12-04,20:00:00,Copa del Rey,Round 2,finished,4.0,3.0,2024/25,2026-03-20 10:36:41.751+00,
13173969,UE Olot,Sevilla,2024-12-05,20:00:00,Copa del Rey,Round 2,finished,1.0,3.0,2024/25,2026-03-20 10:37:09.402+00,
13173970,Orihuela,Getafe,2024-12-05,18:00:00,Copa del Rey,Round 2,finished,0.0,3.0,2024/25,2026-03-20 10:36:11.527+00,
13173971,Conquense,Real Sociedad,2024-12-05,20:00:00,Copa del Rey,Round 2,finished,0.0,1.0,2024/25,2026-03-20 10:35:49.607+00,
13173972,Pontevedra CF,Villarreal,2024-12-04,20:00:00,Copa del Rey,Round 2,finished,1.0,0.0,2024/25,2026-03-20 10:35:18.539+00,
13173973,SD Ejea,Valencia,2024-12-04,20:00:00,Copa del Rey,Round 2,finished,1.0,3.0,2024/25,2026-03-20 10:36:56.785+00,
13199638,Valencia,Real Madrid,2025-01-03,20:00:00,La Liga,12,finished,1.0,2.0,2024/25,2026-03-20 10:36:56.785+00,
13211194,Deportiva Minera,Real Madrid,2025-01-06,18:00:00,Copa del Rey,Round of 32,finished,0.0,5.0,2024/25,2026-03-20 10:35:01.798+00,
13211195,Unión Deportiva Barbastro,Barcelona,2025-01-04,18:00:00,Copa del Rey,Round of 32,finished,0.0,4.0,2024/25,2026-03-20 10:34:54.949+00,
13211196,Marbella FC,Atlético Madrid,2025-01-04,20:30:00,Copa del Rey,Round of 32,finished,0.0,1.0,2024/25,2026-03-20 10:35:08.157+00,
13211197,Huesca,Real Betis,2025-01-04,14:30:00,Copa del Rey,Round of 32,finished,0.0,1.0,2024/25,2026-03-20 10:35:27.263+00,
13211198,SD Ponferradina,Real Sociedad,2025-01-05,14:30:00,Copa del Rey,Round of 32,finished,0.0,2.0,2024/25,2026-03-20 10:35:49.607+00,
13211200,Racing de Ferrol,Rayo Vallecano,2025-01-03,18:00:00,Copa del Rey,Round of 32,finished,1.0,3.0,2024/25,2026-03-20 10:36:47.851+00,
13211201,Pontevedra CF,Mallorca,2025-01-03,18:00:00,Copa del Rey,Round of 32,finished,3.0,0.0,2024/25,2026-03-20 10:37:22.249+00,
13211202,CD Tenerife,Osasuna,2025-01-04,15:30:00,Copa del Rey,Round of 32,finished,1.0,2.0,2024/25,2026-03-20 10:36:30.652+00,
13211203,Real Racing Club,Celta Vigo,2025-01-05,14:30:00,Copa del Rey,Round of 32,finished,2.0,3.0,2024/25,2026-03-20 10:35:38.55+00,
13211204,Elche,Las Palmas,2025-01-05,11:00:00,Copa del Rey,Round of 32,finished,4.0,0.0,2024/25,2026-03-20 10:37:40.724+00,
13211206,Almería,Sevilla,2025-01-04,16:30:00,Copa del Rey,Round of 32,finished,4.0,1.0,2024/25,2026-03-20 10:37:09.36+00,
13211207,CD Eldense,Valencia,2025-01-07,20:00:00,Copa del Rey,Round of 32,finished,0.0,2.0,2024/25,2026-03-20 10:36:56.785+00,
13211208,UD Logroñés,Athletic Club,2025-01-04,20:30:00,Copa del Rey,Round of 32,finished,3.0,4.0,2024/25,2026-03-20 10:36:18.928+00,
13211209,Granada,Getafe,2025-01-03,18:00:00,Copa del Rey,Round of 32,finished,0.0,1.0,2024/25,2026-03-20 10:36:11.527+00,
13252783,KAA Gent,Real Betis,2025-02-13,20:00:00,UEFA Conference League,Playoff round,finished,0.0,3.0,2024/25,2026-03-20 10:35:27.263+00,
13252821,Real Betis,KAA Gent,2025-02-20,17:45:00,UEFA Conference League,Playoff round,finished,0.0,1.0,2024/25,2026-03-20 10:35:27.263+00,
13315897,Pontevedra CF,Getafe,2025-01-15,18:30:00,Copa del Rey,Round of 16,finished,0.0,1.0,2024/25,2026-03-20 10:36:11.485+00,
13315898,Barcelona,Real Betis,2025-01-15,20:00:00,Copa del Rey,Round of 16,finished,5.0,1.0,2024/25,2026-03-20 10:35:27.263+00,
13315899,Ourense CF,Valencia,2025-01-14,20:00:00,Copa del Rey,Round of 16,finished,0.0,2.0,2024/25,2026-03-20 10:36:56.76+00,
13315900,Real Sociedad,Rayo Vallecano,2025-01-16,18:30:00,Copa del Rey,Round of 16,finished,3.0,1.0,2024/25,2026-03-20 10:36:47.851+00,
13315901,Real Madrid,Celta Vigo,2025-01-16,20:30:00,Copa del Rey,Round of 16,finished,5.0,2.0,2024/25,2026-03-20 10:35:38.55+00,
13315902,Athletic Club,Osasuna,2025-01-16,18:30:00,Copa del Rey,Round of 16,finished,2.0,3.0,2024/25,2026-03-20 10:36:30.652+00,
13315903,Elche,Atlético Madrid,2025-01-15,20:30:00,Copa del Rey,Round of 16,finished,0.0,4.0,2024/25,2026-03-20 10:37:40.724+00,
13363910,Atlético Madrid,Getafe,2025-02-04,20:30:00,Copa del Rey,Quarterfinals,finished,5.0,0.0,2024/25,2026-03-20 10:36:11.486+00,
13363911,Leganés,Real Madrid,2025-02-05,20:00:00,Copa del Rey,Quarterfinals,finished,2.0,3.0,2024/25,2026-03-20 10:35:01.798+00,
13363912,Real Sociedad,Osasuna,2025-02-06,18:30:00,Copa del Rey,Quarterfinals,finished,2.0,0.0,2024/25,2026-03-20 10:36:30.632+00,
13363913,Valencia,Barcelona,2025-02-06,20:30:00,Copa del Rey,Quarterfinals,finished,0.0,5.0,2024/25,2026-03-20 10:36:56.76+00,
13412184,Manchester City,Real Madrid,2025-02-11,20:00:00,UEFA Champions League,Playoff round,finished,2.0,3.0,2024/25,2026-03-20 10:35:01.798+00,
13412185,Real Madrid,Manchester City,2025-02-19,20:00:00,UEFA Champions League,Playoff round,finished,3.0,1.0,2024/25,2026-03-20 10:35:01.798+00,
13412312,FC Midtjylland,Real Sociedad,2025-02-13,17:45:00,UEFA Europa League,Playoff round,finished,1.0,2.0,2024/25,2026-03-20 10:35:49.607+00,
13412314,Real Sociedad,FC Midtjylland,2025-02-20,20:00:00,UEFA Europa League,Playoff round,finished,5.0,2.0,2024/25,2026-03-20 10:35:49.607+00,
13466608,Barcelona,Atlético Madrid,2025-02-25,20:30:00,Copa del Rey,Semifinals,finished,4.0,4.0,2024/25,2026-03-20 10:35:08.157+00,
13466609,Real Sociedad,Real Madrid,2025-02-26,20:30:00,Copa del Rey,Semifinals,finished,0.0,1.0,2024/25,2026-03-20 10:35:49.565+00,
13466669,Atlético Madrid,Barcelona,2025-04-02,19:30:00,Copa del Rey,Semifinals,finished,0.0,1.0,2024/25,2026-03-20 10:35:08.158+00,
13466670,Real Madrid,Real Sociedad,2025-04-01,19:30:00,Copa del Rey,Semifinals,finished,4.0,4.0,2024/25,2026-03-20 10:35:49.565+00,
13511923,Real Madrid,Atlético Madrid,2025-03-04,20:00:00,UEFA Champions League,Round of 16,finished,2.0,1.0,2024/25,2026-03-20 10:35:08.157+00,
13511924,Atlético Madrid,Real Madrid,2025-03-12,20:00:00,UEFA Champions League,Round of 16,finished,3.0,4.0,2024/25,2026-03-20 10:35:08.157+00,
13511933,Benfica,Barcelona,2025-03-05,20:00:00,UEFA Champions League,Round of 16,finished,0.0,1.0,2024/25,2026-03-20 10:34:54.949+00,
13511934,Barcelona,Benfica,2025-03-11,17:45:00,UEFA Champions League,Round of 16,finished,3.0,1.0,2024/25,2026-03-20 10:34:54.95+00,
13512415,Real Sociedad,Manchester United,2025-03-06,17:45:00,UEFA Europa League,Round of 16,finished,1.0,1.0,2024/25,2026-03-20 10:35:49.565+00,
13512416,Manchester United,Real Sociedad,2025-03-13,20:00:00,UEFA Europa League,Round of 16,finished,4.0,1.0,2024/25,2026-03-20 10:35:49.565+00,
13512424,Roma,Athletic Club,2025-03-06,20:00:00,UEFA Europa League,Round of 16,finished,2.0,1.0,2024/25,2026-03-20 10:36:18.928+00,
13512426,Athletic Club,Roma,2025-03-13,17:45:00,UEFA Europa League,Round of 16,finished,3.0,1.0,2024/25,2026-03-20 10:36:18.929+00,
13512830,Real Betis,Vitória SC,2025-03-06,17:45:00,UEFA Conference League,Round of 16,finished,2.0,2.0,2024/25,2026-03-20 10:35:27.263+00,
13512831,Vitória SC,Real Betis,2025-03-13,20:00:00,UEFA Conference League,Round of 16,finished,0.0,4.0,2024/25,2026-03-20 10:35:27.263+00,
13513403,Arsenal,Real Madrid,2025-04-08,19:00:00,UEFA Champions League,Quarterfinals,finished,3.0,0.0,2024/25,2026-03-20 10:35:01.798+00,
13513404,Barcelona,Borussia Dortmund,2025-04-09,19:00:00,UEFA Champions League,Quarterfinals,finished,4.0,0.0,2024/25,2026-03-20 10:34:54.95+00,
13513405,Borussia Dortmund,Barcelona,2025-04-15,19:00:00,UEFA Champions League,Quarterfinals,finished,3.0,1.0,2024/25,2026-03-20 10:34:54.927+00,
13513414,Barcelona,Inter,2025-04-30,19:00:00,UEFA Champions League,Semifinals,finished,3.0,3.0,2024/25,2026-03-20 10:34:54.927+00,
13513416,Inter,Barcelona,2025-05-06,19:00:00,UEFA Champions League,Semifinals,finished,4.0,3.0,2024/25,2026-03-20 10:34:54.927+00,
13513422,Real Madrid,Arsenal,2025-04-16,19:00:00,UEFA Champions League,Quarterfinals,finished,1.0,2.0,2024/25,2026-03-20 10:35:01.754+00,
13514532,Rangers,Athletic Club,2025-04-10,19:00:00,UEFA Europa League,Quarterfinals,finished,0.0,0.0,2024/25,2026-03-20 10:36:18.929+00,
13514555,Athletic Club,Manchester United,2025-05-01,19:00:00,UEFA Europa League,Semifinals,finished,0.0,3.0,2024/25,2026-03-20 10:36:18.909+00,
13514557,Athletic Club,Rangers,2025-04-17,19:00:00,UEFA Europa League,Quarterfinals,finished,2.0,0.0,2024/25,2026-03-20 10:36:18.909+00,
13514760,Real Betis,Jagiellonia Białystok,2025-04-10,19:00:00,UEFA Conference League,Quarterfinals,finished,2.0,0.0,2024/25,2026-03-20 10:35:27.264+00,
13514775,Real Betis,Fiorentina,2025-05-01,19:00:00,UEFA Conference League,Semifinals,finished,2.0,1.0,2024/25,2026-03-20 10:35:27.239+00,
13514784,Jagiellonia Białystok,Real Betis,2025-04-17,16:45:00,UEFA Conference League,Quarterfinals,finished,1.0,1.0,2024/25,2026-03-20 10:35:27.239+00,
13514788,Fiorentina,Real Betis,2025-05-08,19:00:00,UEFA Conference League,Semifinals,finished,2.0,2.0,2024/25,2026-03-20 10:35:27.239+00,
13523522,Real Betis,Chelsea,2025-05-28,19:00:00,UEFA Conference League,Final,finished,1.0,4.0,2024/25,2026-03-20 10:35:27.239+00,
13523531,Manchester United,Athletic Club,2025-05-08,19:00:00,UEFA Europa League,Semifinals,finished,4.0,1.0,2024/25,2026-03-20 10:36:18.909+00,
13607777,Villarreal,Espanyol,2025-04-27,14:15:00,La Liga,26,finished,1.0,0.0,2024/25,2026-03-20 10:35:59.29+00,
13637082,Barcelona,Osasuna,2025-03-27,20:00:00,La Liga,27,finished,3.0,0.0,2024/25,2026-03-20 10:36:30.632+00,
13708595,Barcelona,Real Madrid,2025-04-26,20:00:00,Copa del Rey,Final,finished,3.0,2.0,2024/25,2026-03-20 10:35:01.754+00,
14081789,Barcelona,Villarreal,2026-02-28,15:15:00,La Liga,26,finished,4.0,1.0,2025/26,2026-03-20 10:35:18.454+00,
14081790,Rayo Vallecano,Athletic Club,2026-02-28,13:00:00,La Liga,26,finished,1.0,1.0,2025/26,2026-03-20 10:36:47.789+00,
14081791,Real Betis,Sevilla,2026-03-01,17:30:00,La Liga,26,finished,2.0,2.0,2025/26,2026-03-20 10:37:09.34+00,
14081792,Real Sociedad,Real Oviedo,2026-02-21,13:00:00,La Liga,25,finished,3.0,3.0,2025/26,2026-03-20 10:37:55.924+00,
14081793,Levante UD,Deportivo Alavés,2026-02-27,20:00:00,La Liga,26,finished,2.0,0.0,2025/26,2026-03-20 10:37:48.504+00,
14081794,Osasuna,Real Madrid,2026-02-21,17:30:00,La Liga,25,finished,2.0,1.0,2025/26,2026-03-20 10:36:30.614+00,
14081795,Real Oviedo,Atlético Madrid,2026-02-28,20:00:00,La Liga,26,finished,0.0,1.0,2025/26,2026-03-20 10:37:55.924+00,
14081796,Villarreal,Valencia,2026-02-22,20:00:00,La Liga,25,finished,2.0,1.0,2025/26,2026-03-20 10:36:56.738+00,
14081797,Girona FC,Celta Vigo,2026-03-01,20:00:00,La Liga,26,finished,1.0,2.0,2025/26,2026-03-20 10:36:41.539+00,
14081798,Real Madrid,Getafe,2026-03-02,20:00:00,La Liga,26,finished,0.0,1.0,2025/26,2026-03-20 10:36:11.466+00,
14081799,Valencia,Deportivo Alavés,2026-03-08,20:00:00,La Liga,27,finished,3.0,2.0,2025/26,2026-03-20 10:37:32.738+00,
14081800,Espanyol,Real Oviedo,2026-03-09,20:00:00,La Liga,27,finished,1.0,1.0,2025/26,2026-03-20 10:37:55.924+00,
14081801,Getafe,Real Betis,2026-03-08,15:15:00,La Liga,27,finished,2.0,0.0,2025/26,2026-03-20 10:36:11.466+00,
14081802,Levante UD,Girona FC,2026-03-07,15:15:00,La Liga,27,finished,1.0,1.0,2025/26,2026-03-20 10:37:48.504+00,
14081803,Villarreal,Elche,2026-03-08,13:00:00,La Liga,27,finished,2.0,1.0,2025/26,2026-03-20 10:37:40.685+00,
14081804,Sevilla,Rayo Vallecano,2026-03-08,17:30:00,La Liga,27,finished,1.0,1.0,2025/26,2026-03-20 10:37:09.34+00,
14081805,Osasuna,Mallorca,2026-03-07,13:00:00,La Liga,27,finished,2.0,2.0,2025/26,2026-03-20 10:37:22.228+00,
14081806,Deportivo Alavés,Villarreal,2026-03-13,20:00:00,La Liga,28,finished,1.0,1.0,2025/26,2026-03-20 10:37:32.738+00,
14081807,Real Madrid,Atlético Madrid,2026-03-22,20:00:00,La Liga,29,scheduled,,,2025/26,2026-03-20 10:35:08.494+00,
14081808,Villarreal,Real Sociedad,2026-03-20,20:00:00,La Liga,29,scheduled,,,2025/26,2026-03-20 10:35:49.94+00,
14081809,Deportivo Alavés,Osasuna,2026-04-04,16:30:00,La Liga,30,scheduled,,,2025/26,2026-03-20 10:37:33.116+00,
14081810,Atlético Madrid,Barcelona,2026-04-04,19:00:00,La Liga,30,scheduled,,,2025/26,2026-03-20 10:35:08.494+00,
14081811,Real Betis,Espanyol,2026-04-05,19:00:00,La Liga,30,scheduled,,,2025/26,2026-03-20 10:35:59.628+00,
14081812,Girona FC,Villarreal,2026-04-06,19:00:00,La Liga,30,scheduled,,,2025/26,2026-03-20 10:36:41.922+00,
14081813,Getafe,Athletic Club,2026-04-05,12:00:00,La Liga,30,scheduled,,,2025/26,2026-03-20 10:36:19.278+00,
14081814,Real Oviedo,Sevilla,2026-04-05,16:30:00,La Liga,30,scheduled,,,2025/26,2026-03-20 10:37:56.311+00,
14081815,Osasuna,Girona FC,2026-03-21,17:30:00,La Liga,29,scheduled,,,2025/26,2026-03-20 10:36:41.922+00,
14081816,Mallorca,Real Madrid,2026-04-04,14:15:00,La Liga,30,scheduled,,,2025/26,2026-03-20 10:37:22.628+00,
14081817,Valencia,Celta Vigo,2026-04-05,14:15:00,La Liga,30,scheduled,,,2025/26,2026-03-20 10:36:57.104+00,
14081818,Mallorca,Real Sociedad,2026-02-28,17:30:00,La Liga,26,finished,0.0,1.0,2025/26,2026-03-20 10:37:22.228+00,
14081819,Elche,Espanyol,2026-03-01,13:00:00,La Liga,26,finished,2.0,2.0,2025/26,2026-03-20 10:37:40.685+00,
14082849,Deportivo Alavés,Levante UD,2025-08-16,19:30:00,La Liga,1,finished,2.0,1.0,2025/26,2026-03-20 10:37:48.525+00,
14082850,Athletic Club,Sevilla,2025-08-17,17:30:00,La Liga,1,finished,3.0,2.0,2025/26,2026-03-20 10:37:09.36+00,
14082851,Celta Vigo,Getafe,2025-08-17,15:00:00,La Liga,1,finished,0.0,2.0,2025/26,2026-03-20 10:36:11.486+00,
14082852,Elche,Real Betis,2025-08-18,19:00:00,La Liga,1,finished,1.0,1.0,2025/26,2026-03-20 10:37:40.705+00,
14082853,Espanyol,Atlético Madrid,2025-08-17,19:30:00,La Liga,1,finished,2.0,1.0,2025/26,2026-03-20 10:35:59.29+00,
14082854,Girona FC,Rayo Vallecano,2025-08-15,17:00:00,La Liga,1,finished,1.0,3.0,2025/26,2026-03-20 10:36:47.809+00,
14082855,Mallorca,Barcelona,2025-08-16,17:30:00,La Liga,1,finished,0.0,3.0,2025/26,2026-03-20 10:37:22.249+00,
14082856,Real Madrid,Osasuna,2025-08-19,19:00:00,La Liga,1,finished,1.0,0.0,2025/26,2026-03-20 10:36:30.632+00,
14082857,Valencia,Real Sociedad,2025-08-16,19:30:00,La Liga,1,finished,1.0,1.0,2025/26,2026-03-20 10:36:56.76+00,
14082858,Villarreal,Real Oviedo,2025-08-15,19:30:00,La Liga,1,finished,2.0,0.0,2025/26,2026-03-20 10:37:55.924+00,
14082859,Athletic Club,Rayo Vallecano,2025-08-25,17:30:00,La Liga,2,finished,1.0,0.0,2025/26,2026-03-20 10:36:47.809+00,
14082860,Atlético Madrid,Elche,2025-08-23,17:30:00,La Liga,2,finished,1.0,1.0,2025/26,2026-03-20 10:37:40.705+00,
14082861,Osasuna,Valencia,2025-08-24,15:00:00,La Liga,2,finished,1.0,0.0,2025/26,2026-03-20 10:36:56.76+00,
14082862,Real Oviedo,Real Madrid,2025-08-24,19:30:00,La Liga,2,finished,0.0,3.0,2025/26,2026-03-20 10:37:55.924+00,
14082864,Real Betis,Deportivo Alavés,2025-08-22,19:30:00,La Liga,2,finished,1.0,0.0,2025/26,2026-03-20 10:37:32.876+00,
14082865,Levante UD,Barcelona,2025-08-23,19:30:00,La Liga,2,finished,2.0,3.0,2025/26,2026-03-20 10:37:48.525+00,
14082866,Mallorca,Celta Vigo,2025-08-23,15:00:00,La Liga,2,finished,1.0,1.0,2025/26,2026-03-20 10:37:22.228+00,
14082867,Real Sociedad,Espanyol,2025-08-24,17:30:00,La Liga,2,finished,2.0,2.0,2025/26,2026-03-20 10:35:59.246+00,
14083092,Sevilla,Getafe,2025-08-25,19:30:00,La Liga,2,finished,1.0,2.0,2025/26,2026-03-20 10:37:09.34+00,
14083093,Deportivo Alavés,Espanyol,2025-11-02,15:15:00,La Liga,11,finished,2.0,1.0,2025/26,2026-03-20 10:37:32.738+00,
14083094,Atlético Madrid,Sevilla,2025-11-01,15:15:00,La Liga,11,finished,3.0,0.0,2025/26,2026-03-20 10:37:09.34+00,
14083095,Barcelona,Elche,2025-11-02,17:30:00,La Liga,11,finished,3.0,1.0,2025/26,2026-03-20 10:37:40.685+00,
14083096,Deportivo Alavés,Real Betis,2026-01-25,20:00:00,La Liga,21,finished,2.0,1.0,2025/26,2026-03-20 10:37:32.738+00,
14083097,Real Betis,Mallorca,2025-11-02,20:00:00,La Liga,11,finished,3.0,0.0,2025/26,2026-03-20 10:37:22.228+00,
14083098,Getafe,Girona FC,2025-10-31,20:00:00,La Liga,11,finished,2.0,1.0,2025/26,2026-03-20 10:36:41.539+00,
14083099,Real Madrid,Valencia,2025-11-01,20:00:00,La Liga,11,finished,4.0,0.0,2025/26,2026-03-20 10:36:56.738+00,
14083100,Villarreal,Girona FC,2025-08-24,17:30:00,La Liga,2,finished,5.0,0.0,2025/26,2026-03-20 10:36:41.539+00,
14083101,Real Sociedad,Athletic Club,2025-11-01,17:30:00,La Liga,11,finished,3.0,2.0,2025/26,2026-03-20 10:36:18.888+00,
14083102,Athletic Club,Villarreal,2026-04-12,19:00:00,La Liga,31,scheduled,,,2025/26,2026-03-20 10:36:19.278+00,
14083103,Levante UD,Celta Vigo,2025-11-02,13:00:00,La Liga,11,finished,1.0,2.0,2025/26,2026-03-20 10:37:48.504+00,
14083104,Real Oviedo,Osasuna,2025-11-03,20:00:00,La Liga,11,finished,0.0,0.0,2025/26,2026-03-20 10:37:55.924+00,
14083105,Villarreal,Rayo Vallecano,2025-11-01,13:00:00,La Liga,11,finished,4.0,0.0,2025/26,2026-03-20 10:36:47.789+00,
14083106,Athletic Club,Real Oviedo,2025-11-09,13:00:00,La Liga,12,finished,1.0,0.0,2025/26,2026-03-20 10:37:55.924+00,
14083107,Atlético Madrid,Mallorca,2026-01-25,13:00:00,La Liga,21,finished,3.0,0.0,2025/26,2026-03-20 10:37:22.228+00,
14083108,Atlético Madrid,Levante UD,2025-11-08,17:30:00,La Liga,12,finished,3.0,1.0,2025/26,2026-03-20 10:37:48.504+00,
14083109,Deportivo Alavés,Atlético Madrid,2025-08-30,15:00:00,La Liga,3,finished,1.0,1.0,2025/26,2026-03-20 10:37:32.876+00,
14083110,Elche,Real Sociedad,2025-11-07,20:00:00,La Liga,12,finished,1.0,1.0,2025/26,2026-03-20 10:37:40.685+00,
14083111,Espanyol,Villarreal,2025-11-08,20:00:00,La Liga,12,finished,0.0,2.0,2025/26,2026-03-20 10:35:59.246+00,
14083112,Rayo Vallecano,Real Madrid,2025-11-09,15:15:00,La Liga,12,finished,0.0,0.0,2025/26,2026-03-20 10:36:47.789+00,
14083113,Barcelona,Espanyol,2026-04-12,19:00:00,La Liga,31,scheduled,,,2025/26,2026-03-20 10:35:59.628+00,
14083114,Girona FC,Deportivo Alavés,2025-11-08,13:00:00,La Liga,12,finished,1.0,0.0,2025/26,2026-03-20 10:37:32.738+00,
14083115,Celta Vigo,Barcelona,2025-11-09,20:00:00,La Liga,12,finished,2.0,4.0,2025/26,2026-03-20 10:35:38.51+00,
14083116,Valencia,Real Betis,2025-11-09,17:30:00,La Liga,12,finished,1.0,1.0,2025/26,2026-03-20 10:36:56.738+00,
14083117,Barcelona,Real Oviedo,2026-01-25,15:15:00,La Liga,21,finished,3.0,0.0,2025/26,2026-03-20 10:37:55.924+00,
14083118,Mallorca,Getafe,2025-11-09,17:30:00,La Liga,12,finished,1.0,0.0,2025/26,2026-03-20 10:37:22.228+00,
14083119,Celta Vigo,Villarreal,2025-08-31,15:00:00,La Liga,3,finished,1.0,1.0,2025/26,2026-03-20 10:35:38.529+00,
14083120,Sevilla,Osasuna,2025-11-08,15:15:00,La Liga,12,finished,1.0,0.0,2025/26,2026-03-20 10:37:09.34+00,
14083121,Deportivo Alavés,Celta Vigo,2025-11-22,13:00:00,La Liga,13,finished,0.0,1.0,2025/26,2026-03-20 10:37:32.738+00,
14083122,Real Betis,Girona FC,2025-11-23,15:15:00,La Liga,13,finished,1.0,1.0,2025/26,2026-03-20 10:36:41.539+00,
14083123,Celta Vigo,Real Oviedo,2026-04-12,19:00:00,La Liga,31,scheduled,,,2025/26,2026-03-20 10:37:56.311+00,
14083124,Elche,Real Madrid,2025-11-23,20:00:00,La Liga,13,finished,2.0,2.0,2025/26,2026-03-20 10:37:40.685+00,
14083125,Espanyol,Sevilla,2025-11-24,20:00:00,La Liga,13,finished,2.0,1.0,2025/26,2026-03-20 10:37:09.34+00,
14083126,Osasuna,Real Sociedad,2025-11-22,17:30:00,La Liga,13,finished,1.0,3.0,2025/26,2026-03-20 10:36:30.614+00,
14083127,Sevilla,Athletic Club,2026-01-24,17:30:00,La Liga,21,finished,2.0,1.0,2025/26,2026-03-20 10:37:09.34+00,
14083128,Real Oviedo,Rayo Vallecano,2025-11-23,13:00:00,La Liga,13,finished,0.0,0.0,2025/26,2026-03-20 10:37:55.924+00,
14083129,Elche,Levante UD,2025-08-29,17:30:00,La Liga,3,finished,2.0,0.0,2025/26,2026-03-20 10:37:48.525+00,
14083130,Barcelona,Athletic Club,2025-11-22,15:15:00,La Liga,13,finished,4.0,0.0,2025/26,2026-03-20 10:36:18.889+00,
14083131,Getafe,Atlético Madrid,2025-11-23,17:30:00,La Liga,13,finished,0.0,1.0,2025/26,2026-03-20 10:36:11.465+00,
14083132,Elche,Valencia,2026-04-12,19:00:00,La Liga,31,scheduled,,,2025/26,2026-03-20 10:37:41.037+00,
14083133,Valencia,Levante UD,2025-11-21,20:00:00,La Liga,13,finished,1.0,0.0,2025/26,2026-03-20 10:37:48.504+00,
14083134,Villarreal,Mallorca,2025-11-22,20:00:00,La Liga,13,finished,2.0,1.0,2025/26,2026-03-20 10:37:22.228+00,
14083135,Atlético Madrid,Real Oviedo,2025-11-29,20:00:00,La Liga,14,finished,2.0,0.0,2025/26,2026-03-20 10:37:55.924+00,
14083136,Real Sociedad,Celta Vigo,2026-01-25,17:30:00,La Liga,21,finished,3.0,1.0,2025/26,2026-03-20 10:35:49.545+00,
14083137,Celta Vigo,Espanyol,2025-11-30,17:30:00,La Liga,14,finished,0.0,1.0,2025/26,2026-03-20 10:35:59.246+00,
14083138,Espanyol,Osasuna,2025-08-31,17:30:00,La Liga,3,finished,1.0,0.0,2025/26,2026-03-20 10:36:30.632+00,
14083139,Girona FC,Real Madrid,2025-11-30,20:00:00,La Liga,14,finished,1.0,1.0,2025/26,2026-03-20 10:36:41.539+00,
14083140,Mallorca,Osasuna,2025-11-29,13:00:00,La Liga,14,finished,2.0,2.0,2025/26,2026-03-20 10:37:22.228+00,
14083141,Rayo Vallecano,Valencia,2025-12-01,20:00:00,La Liga,14,finished,1.0,1.0,2025/26,2026-03-20 10:36:56.738+00,
14083142,Mallorca,Rayo Vallecano,2026-04-12,19:00:00,La Liga,31,scheduled,,,2025/26,2026-03-20 10:37:22.628+00,
14083143,Real Sociedad,Villarreal,2025-11-30,13:00:00,La Liga,14,finished,2.0,3.0,2025/26,2026-03-20 10:35:49.544+00,
14083144,Barcelona,Deportivo Alavés,2025-11-29,15:15:00,La Liga,14,finished,3.0,1.0,2025/26,2026-03-20 10:37:32.738+00,
14083145,Levante UD,Athletic Club,2025-11-29,17:30:00,La Liga,14,finished,0.0,2.0,2025/26,2026-03-20 10:37:48.504+00,
14083146,Levante UD,Elche,2026-01-23,20:00:00,La Liga,21,finished,3.0,2.0,2025/26,2026-03-20 10:37:48.504+00,
14083147,Sevilla,Real Betis,2025-11-30,15:15:00,La Liga,14,finished,0.0,2.0,2025/26,2026-03-20 10:37:09.34+00,
14083148,Girona FC,Sevilla,2025-08-30,17:30:00,La Liga,3,finished,0.0,2.0,2025/26,2026-03-20 10:37:09.34+00,
14083149,Getafe,Elche,2025-11-28,20:00:00,La Liga,14,finished,1.0,0.0,2025/26,2026-03-20 10:37:40.685+00,
14083150,Deportivo Alavés,Real Sociedad,2025-12-06,15:15:00,La Liga,15,finished,1.0,0.0,2025/26,2026-03-20 10:37:32.738+00,
14083151,Athletic Club,Atlético Madrid,2025-12-06,20:00:00,La Liga,15,finished,1.0,0.0,2025/26,2026-03-20 10:36:18.889+00,
14083152,Real Sociedad,Deportivo Alavés,2026-04-12,19:00:00,La Liga,31,scheduled,,,2025/26,2026-03-20 10:37:33.116+00,
14083153,Elche,Girona FC,2025-12-07,13:00:00,La Liga,15,finished,3.0,0.0,2025/26,2026-03-20 10:37:40.685+00,
14083154,Espanyol,Rayo Vallecano,2025-12-07,17:30:00,La Liga,15,finished,1.0,0.0,2025/26,2026-03-20 10:36:47.789+00,
14083155,Real Betis,Barcelona,2025-12-06,17:30:00,La Liga,15,finished,3.0,5.0,2025/26,2026-03-20 10:35:27.218+00,
14083156,Valencia,Espanyol,2026-01-24,15:15:00,La Liga,21,finished,3.0,2.0,2025/26,2026-03-20 10:36:56.738+00,
14083157,Real Oviedo,Real Sociedad,2025-08-30,17:00:00,La Liga,3,finished,1.0,0.0,2025/26,2026-03-20 10:37:55.924+00,
14083158,Real Madrid,Celta Vigo,2025-12-07,20:00:00,La Liga,15,finished,0.0,2.0,2025/26,2026-03-20 10:35:38.51+00,
14083159,Villarreal,Getafe,2025-12-06,13:00:00,La Liga,15,finished,2.0,0.0,2025/26,2026-03-20 10:36:11.466+00,
14083160,Osasuna,Levante UD,2025-12-08,20:00:00,La Liga,15,finished,2.0,0.0,2025/26,2026-03-20 10:37:48.504+00,
14083161,Sevilla,Atlético Madrid,2026-04-12,19:00:00,La Liga,31,scheduled,,,2025/26,2026-03-20 10:37:09.725+00,
14083162,Real Oviedo,Mallorca,2025-12-05,20:00:00,La Liga,15,finished,0.0,0.0,2025/26,2026-03-20 10:37:55.924+00,
14083163,Valencia,Sevilla,2025-12-07,15:15:00,La Liga,15,finished,1.0,1.0,2025/26,2026-03-20 10:37:09.34+00,
14083164,Deportivo Alavés,Real Madrid,2025-12-14,20:00:00,La Liga,16,finished,1.0,2.0,2025/26,2026-03-20 10:37:32.738+00,
14083165,Atlético Madrid,Valencia,2025-12-13,13:00:00,La Liga,16,finished,2.0,1.0,2025/26,2026-03-20 10:36:56.738+00,
14083166,Girona FC,Getafe,2026-01-26,20:00:00,La Liga,21,finished,1.0,1.0,2025/26,2026-03-20 10:36:41.539+00,
14083167,Real Betis,Athletic Club,2025-08-31,17:00:00,La Liga,3,finished,1.0,2.0,2025/26,2026-03-20 10:36:18.909+00,
14083168,Barcelona,Osasuna,2025-12-13,17:30:00,La Liga,16,finished,2.0,0.0,2025/26,2026-03-20 10:36:30.614+00,
14083169,Levante UD,Villarreal,2025-12-14,17:30:00,La Liga,16,postponed,,,2025/26,2026-03-20 10:37:48.504+00,
14083171,Celta Vigo,Athletic Club,2025-12-14,15:15:00,La Liga,16,finished,2.0,0.0,2025/26,2026-03-20 10:36:18.889+00,
14083172,Osasuna,Real Betis,2026-04-12,19:00:00,La Liga,31,scheduled,,,2025/26,2026-03-20 10:36:31.022+00,
14083173,Rayo Vallecano,Real Betis,2025-12-15,20:00:00,La Liga,16,finished,0.0,0.0,2025/26,2026-03-20 10:36:47.789+00,
14083174,Mallorca,Elche,2025-12-13,15:15:00,La Liga,16,finished,3.0,1.0,2025/26,2026-03-20 10:37:40.685+00,
14083175,Getafe,Espanyol,2025-12-13,20:00:00,La Liga,16,finished,0.0,1.0,2025/26,2026-03-20 10:36:11.466+00,
14083176,Rayo Vallecano,Osasuna,2026-01-24,13:00:00,La Liga,21,finished,1.0,3.0,2025/26,2026-03-20 10:36:47.789+00,
14083177,Real Sociedad,Girona FC,2025-12-12,20:00:00,La Liga,16,finished,1.0,2.0,2025/26,2026-03-20 10:36:41.539+00,
14083178,Rayo Vallecano,Barcelona,2025-08-31,19:30:00,La Liga,3,finished,1.0,1.0,2025/26,2026-03-20 10:36:47.809+00,
14083179,Sevilla,Real Oviedo,2025-12-14,13:00:00,La Liga,16,finished,4.0,0.0,2025/26,2026-03-20 10:37:55.924+00,
14083180,Athletic Club,Espanyol,2025-12-22,20:00:00,La Liga,17,finished,1.0,2.0,2025/26,2026-03-20 10:36:18.889+00,
14083181,Real Betis,Getafe,2025-12-21,20:00:00,La Liga,17,finished,4.0,0.0,2025/26,2026-03-20 10:36:11.466+00,
14083182,Levante UD,Getafe,2026-04-12,19:00:00,La Liga,31,scheduled,,,2025/26,2026-03-20 10:37:48.89+00,
14083183,Elche,Rayo Vallecano,2025-12-21,17:30:00,La Liga,17,finished,4.0,0.0,2025/26,2026-03-20 10:37:40.685+00,
14083184,Levante UD,Real Sociedad,2025-12-20,15:15:00,La Liga,17,finished,1.0,1.0,2025/26,2026-03-20 10:37:48.504+00,
14083185,Real Madrid,Sevilla,2025-12-20,20:00:00,La Liga,17,finished,2.0,0.0,2025/26,2026-03-20 10:37:09.34+00,
14083186,Villarreal,Real Madrid,2026-01-24,20:00:00,La Liga,21,finished,0.0,2.0,2025/26,2026-03-20 10:35:18.454+00,
14083187,Valencia,Getafe,2025-08-29,19:30:00,La Liga,3,finished,3.0,0.0,2025/26,2026-03-20 10:36:56.76+00,
14083188,Osasuna,Deportivo Alavés,2025-12-20,17:30:00,La Liga,17,finished,3.0,0.0,2025/26,2026-03-20 10:37:32.738+00,
14083189,Girona FC,Atlético Madrid,2025-12-21,13:00:00,La Liga,17,finished,0.0,3.0,2025/26,2026-03-20 10:36:41.539+00,
14083190,Villarreal,Barcelona,2025-12-21,15:15:00,La Liga,17,finished,0.0,2.0,2025/26,2026-03-20 10:35:18.454+00,
14083191,Real Madrid,Girona FC,2026-04-12,19:00:00,La Liga,31,scheduled,,,2025/26,2026-03-20 10:36:41.922+00,
14083192,Real Oviedo,Celta Vigo,2025-12-20,13:00:00,La Liga,17,finished,0.0,0.0,2025/26,2026-03-20 10:37:55.924+00,
14083193,Valencia,Mallorca,2025-12-19,20:00:00,La Liga,17,finished,1.0,1.0,2025/26,2026-03-20 10:37:22.228+00,
14083194,Deportivo Alavés,Real Oviedo,2026-01-04,17:30:00,La Liga,18,finished,1.0,1.0,2025/26,2026-03-20 10:37:55.924+00,
14083195,Athletic Club,Real Sociedad,2026-02-01,20:00:00,La Liga,22,finished,1.0,1.0,2025/26,2026-03-20 10:36:18.889+00,
14083196,Celta Vigo,Valencia,2026-01-03,13:00:00,La Liga,18,finished,4.0,1.0,2025/26,2026-03-20 10:36:56.738+00,
14083197,Real Madrid,Mallorca,2025-08-30,19:30:00,La Liga,3,finished,2.0,1.0,2025/26,2026-03-20 10:37:22.228+00,
14083198,Elche,Villarreal,2026-01-03,17:30:00,La Liga,18,finished,1.0,3.0,2025/26,2026-03-20 10:37:40.685+00,
14083200,Osasuna,Athletic Club,2026-01-03,15:15:00,La Liga,18,finished,1.0,1.0,2025/26,2026-03-20 10:36:30.614+00,
14083201,Real Sociedad,Atlético Madrid,2026-01-04,20:00:00,La Liga,18,finished,1.0,1.0,2025/26,2026-03-20 10:35:49.545+00,
14083202,Deportivo Alavés,Mallorca,2026-04-26,19:00:00,La Liga,32,scheduled,,,2025/26,2026-03-20 10:37:33.116+00,
14083203,Espanyol,Barcelona,2026-01-03,20:00:00,La Liga,18,finished,0.0,2.0,2025/26,2026-03-20 10:35:59.246+00,
14083204,Real Madrid,Real Betis,2026-01-04,15:15:00,La Liga,18,finished,5.0,1.0,2025/26,2026-03-20 10:35:27.219+00,
14083205,Rayo Vallecano,Getafe,2026-01-02,20:00:00,La Liga,18,finished,1.0,1.0,2025/26,2026-03-20 10:36:47.789+00,
14083206,Atlético Madrid,Villarreal,2025-09-13,19:00:00,La Liga,4,finished,2.0,0.0,2025/26,2026-03-20 10:35:18.496+00,
14083207,Real Betis,Valencia,2026-02-01,15:15:00,La Liga,22,finished,2.0,1.0,2025/26,2026-03-20 10:36:56.738+00,
14083208,Mallorca,Girona FC,2026-01-04,17:30:00,La Liga,18,finished,1.0,2.0,2025/26,2026-03-20 10:37:22.228+00,
14083209,Sevilla,Levante UD,2026-01-04,13:00:00,La Liga,18,finished,0.0,3.0,2025/26,2026-03-20 10:37:48.504+00,
14083210,Athletic Club,Real Madrid,2025-12-03,18:00:00,La Liga,19,finished,0.0,3.0,2025/26,2026-03-20 10:36:18.889+00,
14083211,Real Betis,Real Madrid,2026-04-26,19:00:00,La Liga,32,scheduled,,,2025/26,2026-03-20 10:35:27.625+00,
14083212,Getafe,Real Sociedad,2026-01-09,20:00:00,La Liga,19,finished,1.0,2.0,2025/26,2026-03-20 10:36:11.466+00,
14083213,Girona FC,Osasuna,2026-01-10,17:30:00,La Liga,19,finished,1.0,0.0,2025/26,2026-03-20 10:36:41.539+00,
14083214,Villarreal,Deportivo Alavés,2026-01-10,15:15:00,La Liga,19,finished,3.0,1.0,2025/26,2026-03-20 10:37:32.738+00,
14083215,Barcelona,Atlético Madrid,2025-12-02,20:00:00,La Liga,19,finished,3.0,1.0,2025/26,2026-03-20 10:35:08.115+00,
14083216,Barcelona,Valencia,2025-09-14,19:00:00,La Liga,4,finished,6.0,0.0,2025/26,2026-03-20 10:36:56.738+00,
14083217,Mallorca,Sevilla,2026-02-02,20:00:00,La Liga,22,finished,4.0,1.0,2025/26,2026-03-20 10:37:22.228+00,
14083218,Real Oviedo,Real Betis,2026-01-10,13:00:00,La Liga,19,finished,1.0,1.0,2025/26,2026-03-20 10:37:55.924+00,
14083219,Sevilla,Celta Vigo,2026-01-12,20:00:00,La Liga,19,finished,0.0,1.0,2025/26,2026-03-20 10:37:09.34+00,
14083220,Valencia,Elche,2026-01-10,20:00:00,La Liga,19,finished,1.0,1.0,2025/26,2026-03-20 10:37:40.685+00,
14083221,Espanyol,Levante UD,2026-04-26,19:00:00,La Liga,32,scheduled,,,2025/26,2026-03-20 10:37:48.89+00,
14083222,Levante UD,Espanyol,2026-01-11,15:15:00,La Liga,19,finished,1.0,1.0,2025/26,2026-03-20 10:37:48.504+00,
14083223,Rayo Vallecano,Mallorca,2026-01-11,13:00:00,La Liga,19,finished,2.0,1.0,2025/26,2026-03-20 10:37:22.228+00,
14083224,Real Betis,Villarreal,2026-01-17,20:00:00,La Liga,20,finished,2.0,0.0,2025/26,2026-03-20 10:35:27.219+00,
14083225,Celta Vigo,Girona FC,2025-09-14,12:00:00,La Liga,4,finished,1.0,1.0,2025/26,2026-03-20 10:36:41.539+00,
14083226,Celta Vigo,Rayo Vallecano,2026-01-18,17:30:00,La Liga,20,finished,3.0,0.0,2025/26,2026-03-20 10:36:47.789+00,
14083227,Osasuna,Villarreal,2026-01-31,15:15:00,La Liga,22,finished,2.0,2.0,2025/26,2026-03-20 10:36:30.614+00,
14083228,Elche,Sevilla,2026-01-19,20:00:00,La Liga,20,finished,2.0,2.0,2025/26,2026-03-20 10:37:40.685+00,
14083229,Espanyol,Girona FC,2026-01-16,20:00:00,La Liga,20,finished,0.0,2.0,2025/26,2026-03-20 10:36:41.539+00,
14083230,Getafe,Valencia,2026-01-18,13:00:00,La Liga,20,finished,0.0,1.0,2025/26,2026-03-20 10:36:56.738+00,
14083231,Osasuna,Sevilla,2026-04-26,19:00:00,La Liga,32,scheduled,,,2025/26,2026-03-20 10:37:09.725+00,
14083232,Osasuna,Real Oviedo,2026-01-17,17:30:00,La Liga,20,finished,3.0,2.0,2025/26,2026-03-20 10:37:55.924+00,
14083233,Atlético Madrid,Deportivo Alavés,2026-01-18,15:15:00,La Liga,20,finished,1.0,0.0,2025/26,2026-03-20 10:37:32.738+00,
14083234,Espanyol,Mallorca,2025-09-15,19:00:00,La Liga,4,finished,3.0,2.0,2025/26,2026-03-20 10:37:22.228+00,
14083235,Mallorca,Athletic Club,2026-01-17,15:15:00,La Liga,20,finished,3.0,2.0,2025/26,2026-03-20 10:37:22.228+00,
14083236,Espanyol,Deportivo Alavés,2026-01-30,20:00:00,La Liga,22,finished,1.0,2.0,2025/26,2026-03-20 10:37:32.738+00,
14083237,Real Sociedad,Barcelona,2026-01-18,20:00:00,La Liga,20,finished,2.0,1.0,2025/26,2026-03-20 10:35:49.545+00,
14083238,Real Madrid,Levante UD,2026-01-17,13:00:00,La Liga,20,finished,2.0,0.0,2025/26,2026-03-20 10:37:48.504+00,
14083239,Rayo Vallecano,Real Sociedad,2026-04-26,19:00:00,La Liga,32,scheduled,,,2025/26,2026-03-20 10:36:48.158+00,
14083240,Getafe,Real Oviedo,2025-09-13,12:00:00,La Liga,4,finished,2.0,0.0,2025/26,2026-03-20 10:37:55.924+00,
14083241,Levante UD,Atlético Madrid,2026-01-31,17:30:00,La Liga,22,finished,0.0,0.0,2025/26,2026-03-20 10:37:48.504+00,
14083242,Atlético Madrid,Athletic Club,2026-04-26,19:00:00,La Liga,32,scheduled,,,2025/26,2026-03-20 10:36:19.278+00,
14083243,Osasuna,Rayo Vallecano,2025-09-14,16:30:00,La Liga,4,finished,2.0,0.0,2025/26,2026-03-20 10:36:47.809+00,
14083244,Elche,Barcelona,2026-01-31,20:00:00,La Liga,22,finished,1.0,3.0,2025/26,2026-03-20 10:37:40.685+00,
14083245,Getafe,Barcelona,2026-04-26,19:00:00,La Liga,32,scheduled,,,2025/26,2026-03-20 10:36:11.85+00,
14083246,Athletic Club,Deportivo Alavés,2025-09-13,16:30:00,La Liga,4,finished,0.0,1.0,2025/26,2026-03-20 10:37:32.738+00,
14083247,Getafe,Celta Vigo,2026-02-01,17:30:00,La Liga,22,finished,0.0,0.0,2025/26,2026-03-20 10:36:11.466+00,
14083248,Villarreal,Celta Vigo,2026-04-26,19:00:00,La Liga,32,scheduled,,,2025/26,2026-03-20 10:35:38.892+00,
14083249,Levante UD,Real Betis,2025-09-14,14:15:00,La Liga,4,finished,2.0,2.0,2025/26,2026-03-20 10:37:48.504+00,
14083251,Real Oviedo,Girona FC,2026-01-31,13:00:00,La Liga,22,finished,1.0,0.0,2025/26,2026-03-20 10:37:55.924+00,
14083252,Real Oviedo,Elche,2026-04-26,19:00:00,La Liga,32,scheduled,,,2025/26,2026-03-20 10:37:56.311+00,
14083253,Sevilla,Elche,2025-09-12,19:00:00,La Liga,4,finished,2.0,2.0,2025/26,2026-03-20 10:37:40.685+00,
14083254,Real Madrid,Rayo Vallecano,2026-02-01,13:00:00,La Liga,22,finished,2.0,1.0,2025/26,2026-03-20 10:36:47.789+00,
14083255,Valencia,Girona FC,2026-04-26,19:00:00,La Liga,32,scheduled,,,2025/26,2026-03-20 10:36:57.104+00,
14083256,Real Sociedad,Real Madrid,2025-09-13,14:15:00,La Liga,4,finished,1.0,2.0,2025/26,2026-03-20 10:35:49.565+00,
14083257,Deportivo Alavés,Getafe,2026-02-08,13:00:00,La Liga,23,finished,0.0,2.0,2025/26,2026-03-20 10:37:32.738+00,
14083258,Athletic Club,Osasuna,2026-04-22,19:00:00,La Liga,33,scheduled,,,2025/26,2026-03-20 10:36:31.022+00,Valentín Pizarro Gómez
14083259,Deportivo Alavés,Sevilla,2025-09-20,16:30:00,La Liga,5,finished,1.0,2.0,2025/26,2026-03-20 10:37:32.738+00,
14083260,Athletic Club,Levante UD,2026-02-08,15:15:00,La Liga,23,finished,4.0,2.0,2025/26,2026-03-20 10:37:48.504+00,
14083261,Barcelona,Celta Vigo,2026-04-22,19:00:00,La Liga,33,scheduled,,,2025/26,2026-03-20 10:35:38.892+00,
14083262,Barcelona,Getafe,2025-09-21,19:00:00,La Liga,5,finished,3.0,0.0,2025/26,2026-03-20 10:36:11.465+00,
14083263,Atlético Madrid,Real Betis,2026-02-08,17:30:00,La Liga,23,finished,0.0,1.0,2025/26,2026-03-20 10:35:27.219+00,
14083265,Levante UD,Sevilla,2026-04-22,19:00:00,La Liga,33,scheduled,,,2025/26,2026-03-20 10:37:48.89+00,
14083266,Real Betis,Real Sociedad,2025-09-19,19:00:00,La Liga,5,finished,3.0,1.0,2025/26,2026-03-20 10:35:49.565+00,
14083269,Barcelona,Mallorca,2026-02-07,15:15:00,La Liga,23,finished,3.0,0.0,2025/26,2026-03-20 10:37:22.228+00,
14083270,Mallorca,Valencia,2026-04-22,19:00:00,La Liga,33,scheduled,,,2025/26,2026-03-20 10:37:22.628+00,César Soto Grado
14083275,Elche,Real Oviedo,2025-09-21,16:30:00,La Liga,5,finished,1.0,0.0,2025/26,2026-03-20 10:37:55.924+00,
14083279,Celta Vigo,Osasuna,2026-02-06,20:00:00,La Liga,23,finished,1.0,2.0,2025/26,2026-03-20 10:36:30.614+00,
14083282,Real Oviedo,Villarreal,2026-04-22,19:00:00,La Liga,33,scheduled,,,2025/26,2026-03-20 10:37:56.311+00,
14083285,Girona FC,Levante UD,2025-09-20,12:00:00,La Liga,5,finished,0.0,4.0,2025/26,2026-03-20 10:37:48.504+00,
14083292,Real Sociedad,Elche,2026-02-07,20:00:00,La Liga,23,finished,3.0,1.0,2025/26,2026-03-20 10:37:40.685+00,
14083295,Real Madrid,Deportivo Alavés,2026-04-22,19:00:00,La Liga,33,scheduled,,,2025/26,2026-03-20 10:37:33.116+00,Juan Martínez Munuera
14083298,Valencia,Athletic Club,2025-09-20,19:00:00,La Liga,5,finished,2.0,0.0,2025/26,2026-03-20 10:36:56.738+00,
14083303,Villarreal,Espanyol,2026-02-09,20:00:00,La Liga,23,finished,4.0,1.0,2025/26,2026-03-20 10:35:59.246+00,
14083306,Elche,Atlético Madrid,2026-04-22,19:00:00,La Liga,33,scheduled,,,2025/26,2026-03-20 10:37:41.037+00,
14083310,Mallorca,Atlético Madrid,2025-09-21,14:15:00,La Liga,5,finished,1.0,1.0,2025/26,2026-03-20 10:37:22.228+00,
14083315,Sevilla,Girona FC,2026-02-08,15:15:00,La Liga,23,finished,1.0,1.0,2025/26,2026-03-20 10:37:09.34+00,
14083318,Girona FC,Real Betis,2026-04-22,19:00:00,La Liga,33,scheduled,,,2025/26,2026-03-20 10:36:41.922+00,Iosu Galech Apezteguía
14083322,Rayo Vallecano,Celta Vigo,2025-09-21,12:00:00,La Liga,5,finished,1.0,1.0,2025/26,2026-03-20 10:36:47.809+00,
14083327,Valencia,Real Madrid,2026-02-08,20:00:00,La Liga,23,finished,0.0,2.0,2025/26,2026-03-20 10:36:56.738+00,
14083330,Rayo Vallecano,Espanyol,2026-04-22,19:00:00,La Liga,33,scheduled,,,2025/26,2026-03-20 10:36:48.158+00,
14083333,Real Madrid,Espanyol,2025-09-20,14:15:00,La Liga,5,finished,2.0,0.0,2025/26,2026-03-20 10:35:59.246+00,
14083341,Rayo Vallecano,Real Oviedo,2026-02-07,13:00:00,La Liga,23,postponed,,,2025/26,2026-03-20 10:37:55.924+00,
14083346,Real Sociedad,Getafe,2026-04-22,19:00:00,La Liga,33,scheduled,,,2025/26,2026-03-20 10:36:11.85+00,
14083351,Villarreal,Osasuna,2025-09-20,16:30:00,La Liga,5,finished,2.0,1.0,2025/26,2026-03-20 10:36:30.614+00,
14083360,Elche,Osasuna,2026-02-13,20:00:00,La Liga,24,finished,0.0,0.0,2025/26,2026-03-20 10:37:40.685+00,
14083364,Deportivo Alavés,Athletic Club,2026-05-03,19:00:00,La Liga,34,scheduled,,,2025/26,2026-03-20 10:37:33.116+00,
14083369,Athletic Club,Girona FC,2025-09-23,17:00:00,La Liga,6,finished,1.0,1.0,2025/26,2026-03-20 10:36:41.539+00,
14083378,Getafe,Villarreal,2026-02-14,15:15:00,La Liga,24,finished,2.0,1.0,2025/26,2026-03-20 10:36:11.466+00,
14083381,Real Betis,Real Oviedo,2026-05-03,19:00:00,La Liga,34,scheduled,,,2025/26,2026-03-20 10:37:56.311+00,
14083386,Atlético Madrid,Rayo Vallecano,2025-09-24,19:30:00,La Liga,6,finished,3.0,2.0,2025/26,2026-03-20 10:36:47.809+00,
14083396,Levante UD,Valencia,2026-02-15,17:30:00,La Liga,24,finished,0.0,2.0,2025/26,2026-03-20 10:37:48.504+00,
14083401,Celta Vigo,Elche,2026-05-03,19:00:00,La Liga,34,scheduled,,,2025/26,2026-03-20 10:37:41.037+00,
14083407,Espanyol,Valencia,2025-09-23,17:00:00,La Liga,6,finished,2.0,2.0,2025/26,2026-03-20 10:36:56.738+00,
14083418,Real Madrid,Real Sociedad,2026-02-14,20:00:00,La Liga,24,finished,4.0,1.0,2025/26,2026-03-20 10:35:49.545+00,
14083422,Espanyol,Real Madrid,2026-05-03,19:00:00,La Liga,34,scheduled,,,2025/26,2026-03-20 10:35:59.628+00,
14083426,Levante UD,Real Madrid,2025-09-23,19:30:00,La Liga,6,finished,1.0,4.0,2025/26,2026-03-20 10:37:48.504+00,
14083436,Sevilla,Deportivo Alavés,2026-02-14,17:30:00,La Liga,24,finished,1.0,1.0,2025/26,2026-03-20 10:37:32.738+00,
14083440,Getafe,Rayo Vallecano,2026-05-03,19:00:00,La Liga,34,scheduled,,,2025/26,2026-03-20 10:36:48.158+00,
14083443,Sevilla,Villarreal,2025-09-23,19:30:00,La Liga,6,finished,1.0,2.0,2025/26,2026-03-20 10:37:09.34+00,
14083454,Real Oviedo,Athletic Club,2026-02-15,13:00:00,La Liga,24,finished,1.0,2.0,2025/26,2026-03-20 10:37:55.924+00,
14083457,Girona FC,Mallorca,2026-05-03,19:00:00,La Liga,34,scheduled,,,2025/26,2026-03-20 10:37:22.628+00,
14083462,Getafe,Deportivo Alavés,2025-09-24,17:00:00,La Liga,6,finished,1.0,1.0,2025/26,2026-03-20 10:37:32.738+00,
14083472,Rayo Vallecano,Atlético Madrid,2026-02-15,15:15:00,La Liga,24,finished,3.0,0.0,2025/26,2026-03-20 10:36:47.789+00,
14083476,Valencia,Atlético Madrid,2026-05-03,19:00:00,La Liga,34,scheduled,,,2025/26,2026-03-20 10:36:57.104+00,
14083481,Real Oviedo,Barcelona,2025-09-25,19:30:00,La Liga,6,finished,1.0,3.0,2025/26,2026-03-20 10:37:55.924+00,
14083491,Girona FC,Barcelona,2026-02-16,20:00:00,La Liga,24,finished,2.0,1.0,2025/26,2026-03-20 10:36:41.539+00,
14083495,Osasuna,Barcelona,2026-05-03,19:00:00,La Liga,34,scheduled,,,2025/26,2026-03-20 10:36:31.022+00,
14083498,Celta Vigo,Real Betis,2025-08-27,19:00:00,La Liga,6,finished,1.0,1.0,2025/26,2026-03-20 10:35:38.529+00,
14083509,Mallorca,Real Betis,2026-02-15,20:00:00,La Liga,24,finished,1.0,2.0,2025/26,2026-03-20 10:37:22.228+00,
14083512,Villarreal,Levante UD,2026-05-03,19:00:00,La Liga,34,scheduled,,,2025/26,2026-03-20 10:37:48.89+00,
14083516,Osasuna,Elche,2025-09-25,17:30:00,La Liga,6,finished,1.0,1.0,2025/26,2026-03-20 10:37:40.685+00,
14083524,Espanyol,Celta Vigo,2026-02-14,13:00:00,La Liga,24,finished,2.0,2.0,2025/26,2026-03-20 10:35:59.246+00,
14083526,Sevilla,Real Sociedad,2026-05-03,19:00:00,La Liga,34,scheduled,,,2025/26,2026-03-20 10:37:09.725+00,
14083528,Real Sociedad,Mallorca,2025-09-24,19:30:00,La Liga,6,finished,1.0,0.0,2025/26,2026-03-20 10:37:22.228+00,
14083537,Deportivo Alavés,Girona FC,2026-02-23,20:00:00,La Liga,25,finished,2.0,2.0,2025/26,2026-03-20 10:37:32.738+00,
14083539,Athletic Club,Valencia,2026-05-10,19:00:00,La Liga,35,scheduled,,,2025/26,2026-03-20 10:36:57.104+00,
14083541,Atlético Madrid,Real Madrid,2025-09-27,14:15:00,La Liga,7,finished,5.0,2.0,2025/26,2026-03-20 10:35:08.137+00,
14083549,Athletic Club,Elche,2026-02-20,20:00:00,La Liga,25,finished,2.0,1.0,2025/26,2026-03-20 10:37:40.685+00,
14083551,Atlético Madrid,Celta Vigo,2026-05-10,19:00:00,La Liga,35,scheduled,,,2025/26,2026-03-20 10:35:38.892+00,
14083553,Barcelona,Real Sociedad,2025-09-28,16:30:00,La Liga,7,finished,2.0,1.0,2025/26,2026-03-20 10:35:49.544+00,
14083561,Atlético Madrid,Espanyol,2026-02-21,20:00:00,La Liga,25,finished,4.0,2.0,2025/26,2026-03-20 10:35:59.246+00,
14083562,Barcelona,Real Madrid,2026-05-10,19:00:00,La Liga,35,scheduled,,,2025/26,2026-03-20 10:35:02.118+00,
14083564,Real Betis,Osasuna,2025-09-28,19:00:00,La Liga,7,finished,2.0,0.0,2025/26,2026-03-20 10:36:30.614+00,
14083567,Barcelona,Levante UD,2026-02-22,15:15:00,La Liga,25,finished,3.0,0.0,2025/26,2026-03-20 10:37:48.504+00,
14083568,Levante UD,Osasuna,2026-05-10,19:00:00,La Liga,35,scheduled,,,2025/26,2026-03-20 10:37:48.89+00,
14083569,Getafe,Levante UD,2025-09-27,12:00:00,La Liga,7,finished,1.0,1.0,2025/26,2026-03-20 10:37:48.504+00,
14083572,Real Betis,Rayo Vallecano,2026-02-21,15:15:00,La Liga,25,finished,1.0,1.0,2025/26,2026-03-20 10:36:47.789+00,
14083573,Mallorca,Villarreal,2026-05-10,19:00:00,La Liga,35,scheduled,,,2025/26,2026-03-20 10:37:22.628+00,
14083574,Rayo Vallecano,Sevilla,2025-09-28,12:00:00,La Liga,7,finished,0.0,1.0,2025/26,2026-03-20 10:37:09.34+00,
14083577,Celta Vigo,Mallorca,2026-02-22,17:30:00,La Liga,25,finished,2.0,0.0,2025/26,2026-03-20 10:37:22.228+00,
14083578,Elche,Deportivo Alavés,2026-05-10,19:00:00,La Liga,35,scheduled,,,2025/26,2026-03-20 10:37:41.037+00,
14083580,Mallorca,Deportivo Alavés,2025-09-27,16:30:00,La Liga,7,finished,1.0,0.0,2025/26,2026-03-20 10:37:32.738+00,
14083582,Getafe,Sevilla,2026-02-22,13:00:00,La Liga,25,finished,0.0,1.0,2025/26,2026-03-20 10:37:09.34+00,
14083583,Real Sociedad,Real Betis,2026-05-10,19:00:00,La Liga,35,scheduled,,,2025/26,2026-03-20 10:35:49.94+00,
14083586,Villarreal,Athletic Club,2025-09-27,19:00:00,La Liga,7,finished,1.0,0.0,2025/26,2026-03-20 10:36:18.909+00,
14083587,Sevilla,Espanyol,2026-05-10,19:00:00,La Liga,35,scheduled,,,2025/26,2026-03-20 10:37:09.725+00,
14083589,Elche,Celta Vigo,2025-09-28,14:15:00,La Liga,7,finished,2.0,1.0,2025/26,2026-03-20 10:37:40.685+00,
14083591,Valencia,Osasuna,2026-03-01,15:15:00,La Liga,26,finished,1.0,0.0,2025/26,2026-03-20 10:36:56.738+00,
14083592,Real Oviedo,Getafe,2026-05-10,19:00:00,La Liga,35,scheduled,,,2025/26,2026-03-20 10:37:56.311+00,
14083595,Girona FC,Espanyol,2025-09-26,19:00:00,La Liga,7,finished,0.0,0.0,2025/26,2026-03-20 10:36:41.539+00,
14083597,Athletic Club,Barcelona,2026-03-07,20:00:00,La Liga,27,finished,0.0,1.0,2025/26,2026-03-20 10:36:18.889+00,
14083598,Rayo Vallecano,Girona FC,2026-05-10,19:00:00,La Liga,35,scheduled,,,2025/26,2026-03-20 10:36:48.158+00,
14083601,Valencia,Real Oviedo,2025-09-30,18:00:00,La Liga,7,finished,1.0,2.0,2025/26,2026-03-20 10:37:55.924+00,
14083602,Atlético Madrid,Real Sociedad,2026-03-07,17:30:00,La Liga,27,finished,3.0,2.0,2025/26,2026-03-20 10:35:49.545+00,
14083603,Deportivo Alavés,Barcelona,2026-05-13,19:00:00,La Liga,36,scheduled,,,2025/26,2026-03-20 10:37:33.116+00,
14083605,Deportivo Alavés,Elche,2025-10-05,12:00:00,La Liga,8,finished,3.0,1.0,2025/26,2026-03-20 10:37:40.685+00,
14083607,Celta Vigo,Real Madrid,2026-03-06,20:00:00,La Liga,27,finished,1.0,2.0,2025/26,2026-03-20 10:35:38.51+00,
14083608,Real Betis,Elche,2026-05-13,19:00:00,La Liga,36,scheduled,,,2025/26,2026-03-20 10:37:41.037+00,
14083610,Athletic Club,Mallorca,2025-10-04,16:30:00,La Liga,8,finished,2.0,1.0,2025/26,2026-03-20 10:37:22.228+00,
14083612,Atlético Madrid,Getafe,2026-03-14,15:15:00,La Liga,28,finished,1.0,0.0,2025/26,2026-03-20 10:36:11.466+00,
14083613,Celta Vigo,Levante UD,2026-05-13,19:00:00,La Liga,36,scheduled,,,2025/26,2026-03-20 10:37:48.89+00,
14083615,Girona FC,Valencia,2025-10-04,14:15:00,La Liga,8,finished,2.0,1.0,2025/26,2026-03-20 10:36:56.738+00,
14083617,Barcelona,Sevilla,2026-03-15,15:15:00,La Liga,28,finished,5.0,2.0,2025/26,2026-03-20 10:37:09.34+00,
14083618,Getafe,Mallorca,2026-05-13,19:00:00,La Liga,36,scheduled,,,2025/26,2026-03-20 10:37:22.628+00,
14083620,Real Madrid,Villarreal,2025-10-04,19:00:00,La Liga,8,finished,3.0,1.0,2025/26,2026-03-20 10:35:18.496+00,
14083622,Real Betis,Celta Vigo,2026-03-15,17:30:00,La Liga,28,finished,1.0,1.0,2025/26,2026-03-20 10:35:38.51+00,
14083624,Girona FC,Real Sociedad,2026-05-13,19:00:00,La Liga,36,scheduled,,,2025/26,2026-03-20 10:36:41.922+00,
14083625,Celta Vigo,Atlético Madrid,2025-10-05,19:00:00,La Liga,8,finished,1.0,1.0,2025/26,2026-03-20 10:35:38.529+00,
14083627,Real Oviedo,Valencia,2026-03-14,17:30:00,La Liga,28,finished,1.0,0.0,2025/26,2026-03-20 10:37:55.924+00,
14083629,Espanyol,Athletic Club,2026-05-13,19:00:00,La Liga,36,scheduled,,,2025/26,2026-03-20 10:36:19.278+00,
14083630,Sevilla,Barcelona,2025-10-05,14:15:00,La Liga,8,finished,4.0,1.0,2025/26,2026-03-20 10:37:09.34+00,
14083632,Girona FC,Athletic Club,2026-03-14,13:00:00,La Liga,28,finished,3.0,0.0,2025/26,2026-03-20 10:36:41.539+00,
14083634,Osasuna,Atlético Madrid,2026-05-13,19:00:00,La Liga,36,scheduled,,,2025/26,2026-03-20 10:36:31.022+00,
14083635,Espanyol,Real Betis,2025-10-05,16:30:00,La Liga,8,finished,1.0,2.0,2025/26,2026-03-20 10:35:59.246+00,
14083637,Real Madrid,Elche,2026-03-14,20:00:00,La Liga,28,finished,4.0,1.0,2025/26,2026-03-20 10:37:40.685+00,
14083639,Valencia,Rayo Vallecano,2026-05-13,19:00:00,La Liga,36,scheduled,,,2025/26,2026-03-20 10:36:57.104+00,
14083640,Osasuna,Getafe,2025-09-03,19:00:00,La Liga,8,postponed,,,2025/26,2026-03-20 10:36:30.632+00,
14083642,Mallorca,Espanyol,2026-03-15,13:00:00,La Liga,28,finished,2.0,1.0,2025/26,2026-03-20 10:37:22.228+00,
14083644,Villarreal,Sevilla,2026-05-13,19:00:00,La Liga,36,scheduled,,,2025/26,2026-03-20 10:37:09.725+00,
14083645,Real Oviedo,Levante UD,2025-10-04,12:00:00,La Liga,8,finished,0.0,2.0,2025/26,2026-03-20 10:37:55.924+00,
14083647,Rayo Vallecano,Levante UD,2026-03-16,20:00:00,La Liga,28,finished,1.0,1.0,2025/26,2026-03-20 10:37:48.504+00,
14083649,Real Madrid,Real Oviedo,2026-05-13,19:00:00,La Liga,36,scheduled,,,2025/26,2026-03-20 10:37:56.311+00,
14083650,Real Sociedad,Rayo Vallecano,2025-10-05,16:30:00,La Liga,8,finished,0.0,1.0,2025/26,2026-03-20 10:36:47.809+00,
14083652,Real Sociedad,Osasuna,2026-03-15,20:00:00,La Liga,28,finished,3.0,1.0,2025/26,2026-03-20 10:36:30.614+00,
14083655,Deportivo Alavés,Valencia,2025-10-20,19:00:00,La Liga,9,finished,0.0,0.0,2025/26,2026-03-20 10:37:32.738+00,
14083656,Athletic Club,Celta Vigo,2026-05-17,19:00:00,La Liga,37,scheduled,,,2025/26,2026-03-20 10:36:19.278+00,
14083657,Athletic Club,Real Betis,2026-03-22,17:30:00,La Liga,29,scheduled,,,2025/26,2026-03-20 10:36:19.278+00,
14083659,Atlético Madrid,Osasuna,2025-10-18,19:00:00,La Liga,9,finished,1.0,0.0,2025/26,2026-03-20 10:36:30.614+00,
14083661,Atlético Madrid,Girona FC,2026-05-17,19:00:00,La Liga,37,scheduled,,,2025/26,2026-03-20 10:36:41.922+00,
14083662,Barcelona,Rayo Vallecano,2026-03-22,13:00:00,La Liga,29,scheduled,,,2025/26,2026-03-20 10:36:48.158+00,
14083664,Barcelona,Girona FC,2025-10-18,14:15:00,La Liga,9,finished,2.0,1.0,2025/26,2026-03-20 10:36:41.539+00,
14083666,Barcelona,Real Betis,2026-05-17,19:00:00,La Liga,37,scheduled,,,2025/26,2026-03-20 10:35:27.625+00,
14083668,Elche,Mallorca,2026-03-21,13:00:00,La Liga,29,scheduled,,,2025/26,2026-03-20 10:37:41.037+00,
14083670,Celta Vigo,Real Sociedad,2025-10-19,14:15:00,La Liga,9,finished,1.0,1.0,2025/26,2026-03-20 10:35:49.544+00,
14083671,Elche,Getafe,2026-05-17,19:00:00,La Liga,37,scheduled,,,2025/26,2026-03-20 10:37:41.037+00,
14083673,Espanyol,Getafe,2026-03-21,15:15:00,La Liga,29,scheduled,,,2025/26,2026-03-20 10:36:11.85+00,
14083675,Getafe,Real Madrid,2025-10-19,19:00:00,La Liga,9,finished,0.0,1.0,2025/26,2026-03-20 10:36:11.465+00,
14083676,Levante UD,Mallorca,2026-05-17,19:00:00,La Liga,37,scheduled,,,2025/26,2026-03-20 10:37:48.89+00,
14083678,Levante UD,Real Oviedo,2026-03-21,17:30:00,La Liga,29,scheduled,,,2025/26,2026-03-20 10:37:56.311+00,
14083680,Levante UD,Rayo Vallecano,2025-10-19,16:30:00,La Liga,9,finished,0.0,3.0,2025/26,2026-03-20 10:37:48.504+00,
14083682,Rayo Vallecano,Villarreal,2026-05-17,19:00:00,La Liga,37,scheduled,,,2025/26,2026-03-20 10:36:48.158+00,
14083684,Sevilla,Valencia,2026-03-21,20:00:00,La Liga,29,scheduled,,,2025/26,2026-03-20 10:37:09.725+00,
14083685,Elche,Athletic Club,2025-10-19,12:00:00,La Liga,9,finished,0.0,0.0,2025/26,2026-03-20 10:37:40.685+00,
14083687,Real Sociedad,Valencia,2026-05-17,19:00:00,La Liga,37,scheduled,,,2025/26,2026-03-20 10:36:57.104+00,
14083689,Celta Vigo,Deportivo Alavés,2026-03-22,15:15:00,La Liga,29,scheduled,,,2025/26,2026-03-20 10:37:33.116+00,
14083690,Villarreal,Real Betis,2025-10-18,16:30:00,La Liga,9,finished,2.0,2.0,2025/26,2026-03-20 10:35:27.239+00,
14083692,Real Oviedo,Deportivo Alavés,2026-05-17,19:00:00,La Liga,37,scheduled,,,2025/26,2026-03-20 10:37:56.311+00,
14083694,Real Oviedo,Espanyol,2025-10-17,19:00:00,La Liga,9,finished,0.0,2.0,2025/26,2026-03-20 10:37:55.924+00,
14083696,Osasuna,Espanyol,2026-05-17,19:00:00,La Liga,37,scheduled,,,2025/26,2026-03-20 10:36:31.022+00,
14083697,Rayo Vallecano,Elche,2026-04-03,19:00:00,La Liga,30,scheduled,,,2025/26,2026-03-20 10:37:41.037+00,
14083699,Sevilla,Mallorca,2025-10-18,12:00:00,La Liga,9,finished,1.0,3.0,2025/26,2026-03-20 10:37:22.228+00,
14083701,Real Sociedad,Levante UD,2026-04-04,12:00:00,La Liga,30,scheduled,,,2025/26,2026-03-20 10:37:48.89+00,
14083702,Sevilla,Real Madrid,2026-05-17,19:00:00,La Liga,37,scheduled,,,2025/26,2026-03-20 10:37:09.725+00,
14083704,Athletic Club,Getafe,2025-10-25,16:30:00,La Liga,10,finished,0.0,1.0,2025/26,2026-03-20 10:36:18.888+00,
14083706,Deportivo Alavés,Rayo Vallecano,2026-05-24,19:00:00,La Liga,38,scheduled,,,2025/26,2026-03-20 10:37:33.116+00,
14083708,Girona FC,Real Oviedo,2025-10-25,12:00:00,La Liga,10,finished,3.0,3.0,2025/26,2026-03-20 10:37:55.924+00,
14083710,Real Betis,Levante UD,2026-05-24,19:00:00,La Liga,38,scheduled,,,2025/26,2026-03-20 10:37:48.89+00,
14083712,Real Sociedad,Sevilla,2025-10-24,19:00:00,La Liga,10,finished,2.0,1.0,2025/26,2026-03-20 10:37:09.34+00,
14083715,Celta Vigo,Sevilla,2026-05-24,19:00:00,La Liga,38,scheduled,,,2025/26,2026-03-20 10:37:09.725+00,
14083717,Valencia,Villarreal,2025-10-25,19:00:00,La Liga,10,finished,0.0,2.0,2025/26,2026-03-20 10:36:56.738+00,
14083719,Espanyol,Real Sociedad,2026-05-24,19:00:00,La Liga,38,scheduled,,,2025/26,2026-03-20 10:35:59.628+00,
14083721,Rayo Vallecano,Deportivo Alavés,2025-10-26,20:00:00,La Liga,10,finished,1.0,0.0,2025/26,2026-03-20 10:37:32.738+00,
14083723,Getafe,Osasuna,2026-05-24,19:00:00,La Liga,38,scheduled,,,2025/26,2026-03-20 10:36:31.022+00,
14083725,Real Betis,Atlético Madrid,2025-10-27,20:00:00,La Liga,10,finished,0.0,2.0,2025/26,2026-03-20 10:35:27.239+00,
14083727,Mallorca,Real Oviedo,2026-05-24,19:00:00,La Liga,38,scheduled,,,2025/26,2026-03-20 10:37:56.311+00,
14083729,Real Madrid,Barcelona,2025-10-26,15:15:00,La Liga,10,finished,2.0,1.0,2025/26,2026-03-20 10:35:01.754+00,
14083731,Real Madrid,Athletic Club,2026-05-24,19:00:00,La Liga,38,scheduled,,,2025/26,2026-03-20 10:36:19.278+00,
14083733,Osasuna,Celta Vigo,2025-10-26,17:30:00,La Liga,10,finished,2.0,3.0,2025/26,2026-03-20 10:36:30.614+00,
14083735,Villarreal,Atlético Madrid,2026-05-24,19:00:00,La Liga,38,scheduled,,,2025/26,2026-03-20 10:35:18.781+00,
14083737,Espanyol,Elche,2025-10-25,14:15:00,La Liga,10,finished,1.0,0.0,2025/26,2026-03-20 10:37:40.685+00,
14083739,Valencia,Barcelona,2026-05-24,19:00:00,La Liga,38,scheduled,,,2025/26,2026-03-20 10:36:57.104+00,
14083742,Mallorca,Levante UD,2025-10-26,13:00:00,La Liga,10,finished,1.0,1.0,2025/26,2026-03-20 10:37:48.504+00,
14083743,Girona FC,Elche,2026-05-24,19:00:00,La Liga,38,scheduled,,,2025/26,2026-03-20 10:37:41.037+00,
14353407,Neman Grodno,Rayo Vallecano,2025-08-21,18:00:00,UEFA Conference League,Playoff round,finished,0.0,1.0,2025/26,2026-03-20 10:36:47.809+00,
14353412,Rayo Vallecano,Neman Grodno,2025-08-28,18:00:00,UEFA Conference League,Playoff round,finished,4.0,0.0,2025/26,2026-03-20 10:36:47.809+00,
14566580,Chelsea,Barcelona,2025-11-25,20:00:00,UEFA Champions League,5,finished,3.0,0.0,2025/26,2026-03-20 10:34:54.904+00,
14566595,Real Madrid,Manchester City,2025-12-10,20:00:00,UEFA Champions League,6,finished,1.0,2.0,2025/26,2026-03-20 10:35:01.71+00,
14566596,Real Madrid,Juventus,2025-10-22,19:00:00,UEFA Champions League,3,finished,1.0,0.0,2025/26,2026-03-20 10:35:01.754+00,
14566597,Real Madrid,Olympique de Marseille,2025-09-16,19:00:00,UEFA Champions League,1,finished,2.0,1.0,2025/26,2026-03-20 10:35:01.754+00,
14566598,Real Madrid,AS Monaco,2026-01-20,20:00:00,UEFA Champions League,7,finished,6.0,1.0,2025/26,2026-03-20 10:35:01.71+00,
14566620,Borussia Dortmund,Villarreal,2025-11-25,20:00:00,UEFA Champions League,5,finished,4.0,0.0,2025/26,2026-03-20 10:35:18.454+00,
14566622,Borussia Dortmund,Athletic Club,2025-10-01,19:00:00,UEFA Champions League,2,finished,4.0,1.0,2025/26,2026-03-20 10:36:18.909+00,
14566636,Liverpool,Real Madrid,2025-11-04,20:00:00,UEFA Champions League,4,finished,1.0,0.0,2025/26,2026-03-20 10:35:01.71+00,
14566637,Liverpool,Atlético Madrid,2025-09-17,19:00:00,UEFA Champions League,1,finished,3.0,2.0,2025/26,2026-03-20 10:35:08.137+00,
14566650,Barcelona,Paris Saint-Germain,2025-10-01,19:00:00,UEFA Champions League,2,finished,1.0,2.0,2025/26,2026-03-20 10:34:54.927+00,
14566651,Barcelona,Eintracht Frankfurt,2025-12-09,20:00:00,UEFA Champions League,6,finished,2.0,1.0,2025/26,2026-03-20 10:34:54.904+00,
14566652,Barcelona,Olympiacos FC,2025-10-21,16:45:00,UEFA Champions League,3,finished,6.0,1.0,2025/26,2026-03-20 10:34:54.927+00,
14566653,Barcelona,FC København,2026-01-28,20:00:00,UEFA Champions League,8,finished,4.0,1.0,2025/26,2026-03-20 10:34:54.905+00,
14566705,Bayer 04 Leverkusen,Villarreal,2026-01-28,20:00:00,UEFA Champions League,8,finished,3.0,0.0,2025/26,2026-03-20 10:35:18.454+00,
14566718,Arsenal,Atlético Madrid,2025-10-21,19:00:00,UEFA Champions League,3,finished,4.0,0.0,2025/26,2026-03-20 10:35:08.137+00,
14566729,Atalanta,Athletic Club,2026-01-21,20:00:00,UEFA Champions League,7,finished,2.0,3.0,2025/26,2026-03-20 10:36:18.889+00,
14566735,Benfica,Real Madrid,2026-01-28,20:00:00,UEFA Champions League,8,finished,4.0,2.0,2025/26,2026-03-20 10:35:01.71+00,
14566745,Club Brugge KV,Barcelona,2025-11-05,20:00:00,UEFA Champions League,4,finished,3.0,3.0,2025/26,2026-03-20 10:34:54.927+00,
14566774,Atlético Madrid,Inter,2025-11-26,20:00:00,UEFA Champions League,5,finished,2.0,1.0,2025/26,2026-03-20 10:35:08.115+00,
14566775,Atlético Madrid,Eintracht Frankfurt,2025-09-30,19:00:00,UEFA Champions League,2,finished,5.0,1.0,2025/26,2026-03-20 10:35:08.137+00,
14566776,Atlético Madrid,Bodø/Glimt,2026-01-28,20:00:00,UEFA Champions League,8,finished,1.0,2.0,2025/26,2026-03-20 10:35:08.115+00,
14566777,Atlético Madrid,Royale Union Saint-Gilloise,2025-11-04,20:00:00,UEFA Champions League,4,finished,3.0,1.0,2025/26,2026-03-20 10:35:08.137+00,
14566781,Villarreal,Manchester City,2025-10-21,19:00:00,UEFA Champions League,3,finished,0.0,2.0,2025/26,2026-03-20 10:35:18.454+00,
14566782,Villarreal,Juventus,2025-10-01,19:00:00,UEFA Champions League,2,finished,2.0,2.0,2025/26,2026-03-20 10:35:18.496+00,
14566783,Villarreal,AFC Ajax,2026-01-20,20:00:00,UEFA Champions League,7,finished,1.0,2.0,2025/26,2026-03-20 10:35:18.454+00,
14566784,Villarreal,FC København,2025-12-10,17:45:00,UEFA Champions League,6,finished,2.0,3.0,2025/26,2026-03-20 10:35:18.454+00,
14566827,Tottenham Hotspur,Villarreal,2025-09-16,19:00:00,UEFA Champions League,1,finished,1.0,0.0,2025/26,2026-03-20 10:35:18.496+00,
14566865,Olympiacos FC,Real Madrid,2025-11-26,20:00:00,UEFA Champions League,5,finished,3.0,4.0,2025/26,2026-03-20 10:35:01.71+00,
14566882,SK Slavia Praha,Barcelona,2026-01-21,20:00:00,UEFA Champions League,7,finished,2.0,4.0,2025/26,2026-03-20 10:34:54.905+00,
14566885,SK Slavia Praha,Athletic Club,2025-11-25,20:00:00,UEFA Champions League,5,finished,0.0,0.0,2025/26,2026-03-20 10:36:18.889+00,
14566892,PSV Eindhoven,Atlético Madrid,2025-12-09,20:00:00,UEFA Champions League,6,finished,2.0,3.0,2025/26,2026-03-20 10:35:08.115+00,
14566908,Athletic Club,Paris Saint-Germain,2025-12-10,20:00:00,UEFA Champions League,6,finished,0.0,0.0,2025/26,2026-03-20 10:36:18.889+00,
14566909,Athletic Club,Arsenal,2025-09-16,16:45:00,UEFA Champions League,1,finished,0.0,2.0,2025/26,2026-03-20 10:36:18.909+00,
14566910,Athletic Club,Sporting CP,2026-01-28,20:00:00,UEFA Champions League,8,finished,2.0,3.0,2025/26,2026-03-20 10:36:18.889+00,
14566911,Athletic Club,Qarabağ FK,2025-10-22,16:45:00,UEFA Champions League,3,finished,3.0,1.0,2025/26,2026-03-20 10:36:18.909+00,
14566935,Galatasaray,Atlético Madrid,2026-01-21,17:45:00,UEFA Champions League,7,finished,1.0,1.0,2025/26,2026-03-20 10:35:08.115+00,
14566955,Newcastle United,Barcelona,2025-09-18,19:00:00,UEFA Champions League,1,finished,1.0,2.0,2025/26,2026-03-20 10:34:54.927+00,
14566958,Newcastle United,Athletic Club,2025-11-05,20:00:00,UEFA Champions League,4,finished,2.0,0.0,2025/26,2026-03-20 10:36:18.888+00,
14566966,Pafos FC,Villarreal,2025-11-05,17:45:00,UEFA Champions League,4,finished,1.0,0.0,2025/26,2026-03-20 10:35:18.454+00,
14566983,Kairat Almaty,Real Madrid,2025-09-30,16:45:00,UEFA Champions League,2,finished,0.0,5.0,2025/26,2026-03-20 10:35:01.754+00,
14572651,GNK Dinamo Zagreb,Real Betis,2025-12-11,17:45:00,UEFA Europa League,6,finished,1.0,3.0,2025/26,2026-03-20 10:35:27.218+00,
14572654,GNK Dinamo Zagreb,Celta Vigo,2025-11-06,17:45:00,UEFA Europa League,4,finished,0.0,3.0,2025/26,2026-03-20 10:35:38.51+00,
14572655,Real Betis,Feyenoord,2026-01-29,20:00:00,UEFA Europa League,8,finished,2.0,1.0,2025/26,2026-03-20 10:35:27.219+00,
14572656,Real Betis,Olympique Lyonnais,2025-11-06,20:00:00,UEFA Europa League,4,finished,2.0,0.0,2025/26,2026-03-20 10:35:27.218+00,
14572657,Real Betis,Nottingham Forest,2025-09-24,19:00:00,UEFA Europa League,1,finished,2.0,2.0,2025/26,2026-03-20 10:35:27.239+00,
14572658,Real Betis,FC Utrecht,2025-11-27,20:00:00,UEFA Europa League,5,finished,2.0,1.0,2025/26,2026-03-20 10:35:27.218+00,
14572709,FK Crvena zvezda,Celta Vigo,2026-01-29,20:00:00,UEFA Europa League,8,finished,1.0,1.0,2025/26,2026-03-20 10:35:38.51+00,
14572713,PAOK,Real Betis,2026-01-22,17:45:00,UEFA Europa League,7,finished,2.0,0.0,2025/26,2026-03-20 10:35:27.219+00,
14572764,Ludogorets,Real Betis,2025-10-02,16:45:00,UEFA Europa League,2,finished,0.0,2.0,2025/26,2026-03-20 10:35:27.239+00,
14572791,Celta Vigo,Lille,2026-01-22,20:00:00,UEFA Europa League,7,finished,2.0,1.0,2025/26,2026-03-20 10:35:38.51+00,
14572792,Celta Vigo,PAOK,2025-10-02,19:00:00,UEFA Europa League,2,finished,3.0,1.0,2025/26,2026-03-20 10:35:38.529+00,
14572793,Celta Vigo,Nice,2025-10-23,19:00:00,UEFA Europa League,3,finished,2.0,1.0,2025/26,2026-03-20 10:35:38.53+00,
14572794,Celta Vigo,Bologna,2025-12-11,20:00:00,UEFA Europa League,6,finished,1.0,2.0,2025/26,2026-03-20 10:35:38.51+00,
14572802,VfB Stuttgart,Celta Vigo,2025-09-25,19:00:00,UEFA Europa League,1,finished,2.0,1.0,2025/26,2026-03-20 10:35:38.529+00,
14572820,KRC Genk,Real Betis,2025-10-23,16:45:00,UEFA Europa League,3,finished,0.0,0.0,2025/26,2026-03-20 10:35:27.239+00,
14572862,Ludogorets,Celta Vigo,2025-11-27,17:45:00,UEFA Europa League,5,finished,3.0,2.0,2025/26,2026-03-20 10:35:38.51+00,
14572994,ŠK Slovan Bratislava,Rayo Vallecano,2025-11-27,17:45:00,UEFA Conference League,4,finished,2.0,1.0,2025/26,2026-03-20 10:36:47.789+00,
14573024,Rayo Vallecano,Lech Poznań,2025-11-06,20:00:00,UEFA Conference League,3,finished,3.0,2.0,2025/26,2026-03-20 10:36:47.789+00,
14573025,Rayo Vallecano,FC Drita,2025-12-18,20:00:00,UEFA Conference League,6,finished,3.0,0.0,2025/26,2026-03-20 10:36:47.789+00,
14573026,Rayo Vallecano,KF Shkëndija,2025-10-02,16:45:00,UEFA Conference League,1,finished,2.0,0.0,2025/26,2026-03-20 10:36:47.809+00,
14573051,Jagiellonia Białystok,Rayo Vallecano,2025-12-11,17:45:00,UEFA Conference League,5,finished,1.0,2.0,2025/26,2026-03-20 10:36:47.789+00,
14573119,BK Häcken,Rayo Vallecano,2025-10-23,16:45:00,UEFA Conference League,2,finished,2.0,2.0,2025/26,2026-03-20 10:36:47.809+00,
14652471,Osasuna,Getafe,2025-10-03,19:00:00,La Liga,8,finished,2.0,1.0,2025/26,2026-03-20 10:36:30.614+00,
14843661,Los Garres,Elche,2025-10-29,18:00:00,Copa del Rey,Round 1,finished,0.0,4.0,2025/26,2026-03-20 10:37:40.685+00,
14843663,Atlético Palma del Río,Real Betis,2025-10-30,20:00:00,Copa del Rey,Round 1,finished,1.0,7.0,2025/26,2026-03-20 10:35:27.218+00,
14843665,UD Maracena,Valencia,2025-10-28,19:00:00,Copa del Rey,Round 1,finished,0.0,5.0,2025/26,2026-03-20 10:36:56.738+00,
14843667,CD Ciudad de Lucena,Villarreal,2025-10-29,20:00:00,Copa del Rey,Round 1,finished,0.0,6.0,2025/26,2026-03-20 10:35:18.454+00,
14843668,CD Toledo,Sevilla,2025-10-28,20:00:00,Copa del Rey,Round 1,finished,1.0,4.0,2025/26,2026-03-20 10:37:09.34+00,
14843669,Orihuela,Levante UD,2025-10-30,18:00:00,Copa del Rey,Round 1,finished,3.0,4.0,2025/26,2026-03-20 10:37:48.504+00,
14843692,Inter Valdemoro,Getafe,2025-10-28,19:00:00,Copa del Rey,Round 1,finished,0.0,11.0,2025/26,2026-03-20 10:36:11.465+00,
14843695,CD Yuncos,Rayo Vallecano,2025-10-29,20:00:00,Copa del Rey,Round 1,finished,1.0,6.0,2025/26,2026-03-20 10:36:47.789+00,
14843701,Puerto de Vega CF,Celta Vigo,2025-10-30,18:00:00,Copa del Rey,Round 1,finished,0.0,2.0,2025/26,2026-03-20 10:35:38.51+00,
14843702,SD Negreira,Real Sociedad,2025-10-28,20:00:00,Copa del Rey,Round 1,finished,0.0,3.0,2025/26,2026-03-20 10:35:49.544+00,
14843704,Ourense CF,Real Oviedo,2025-10-28,18:00:00,Copa del Rey,Round 1,finished,4.0,2.0,2025/26,2026-03-20 10:37:55.924+00,
14843716,CD Getxo,Deportivo Alavés,2025-10-30,19:00:00,Copa del Rey,Round 1,finished,0.0,7.0,2025/26,2026-03-20 10:37:32.738+00,
14843719,Atlètic Sant Just,Mallorca,2025-10-29,19:00:00,Copa del Rey,Round 1,finished,0.0,2.0,2025/26,2026-03-20 10:37:22.228+00,
14843720,CD Sant Jordi,Osasuna,2025-10-29,18:00:00,Copa del Rey,Round 1,finished,0.0,5.0,2025/26,2026-03-20 10:36:30.614+00,
14843722,Atlètic Lleida,Espanyol,2025-10-30,20:00:00,Copa del Rey,Round 1,finished,1.0,2.0,2025/26,2026-03-20 10:35:59.246+00,
14843727,CE Constància,Girona FC,2025-10-28,18:00:00,Copa del Rey,Round 1,finished,2.0,3.0,2025/26,2026-03-20 10:36:41.539+00,
15037709,CD Atlético Baleares,Espanyol,2025-12-04,18:00:00,Copa del Rey,Round 2,finished,1.0,0.0,2025/26,2026-03-20 10:35:59.246+00,
15037710,Reus FC Reddis,Real Sociedad,2025-12-03,20:00:00,Copa del Rey,Round 2,finished,0.0,2.0,2025/26,2026-03-20 10:35:49.544+00,
15037711,Ourense CF,Girona FC,2025-12-03,20:00:00,Copa del Rey,Round 2,finished,2.0,1.0,2025/26,2026-03-20 10:36:41.539+00,
15037712,Club Portugalete,Deportivo Alavés,2025-12-02,18:00:00,Copa del Rey,Round 2,finished,0.0,3.0,2025/26,2026-03-20 10:37:32.738+00,
15037714,UE Sant Andreu,Celta Vigo,2025-12-04,20:00:00,Copa del Rey,Round 2,finished,7.0,8.0,2025/26,2026-03-20 10:35:38.51+00,
15037718,CD Extremadura,Sevilla,2025-12-04,20:00:00,Copa del Rey,Round 2,finished,1.0,2.0,2025/26,2026-03-20 10:37:09.34+00,
15037719,CD Cieza,Levante UD,2025-12-03,20:00:00,Copa del Rey,Round 2,finished,0.0,1.0,2025/26,2026-03-20 10:37:48.504+00,
15037721,Numancia,Mallorca,2025-12-02,18:00:00,Copa del Rey,Round 2,finished,2.0,3.0,2025/26,2026-03-20 10:37:22.228+00,
15037726,CD Ebro,Osasuna,2025-12-02,18:00:00,Copa del Rey,Round 2,finished,3.0,5.0,2025/26,2026-03-20 10:36:30.614+00,
15037728,CDA Navalcarnero,Getafe,2025-12-02,20:00:00,Copa del Rey,Round 2,finished,2.0,3.0,2025/26,2026-03-20 10:36:11.465+00,
15037730,Torrent CF,Real Betis,2025-12-03,20:00:00,Copa del Rey,Round 2,finished,1.0,4.0,2025/26,2026-03-20 10:35:27.218+00,
15037731,CD Quintanar Del Rey,Elche,2025-12-03,20:00:00,Copa del Rey,Round 2,finished,1.0,2.0,2025/26,2026-03-20 10:37:40.685+00,
15037732,Real Ávila CF,Rayo Vallecano,2025-12-04,18:00:00,Copa del Rey,Round 2,finished,1.0,2.0,2025/26,2026-03-20 10:36:47.789+00,
15037734,Club Atlético Antoniano,Villarreal,2025-12-03,20:00:00,Copa del Rey,Round 2,finished,4.0,6.0,2025/26,2026-03-20 10:35:18.454+00,
15037735,FC Cartagena,Valencia,2025-12-04,20:00:00,Copa del Rey,Round 2,finished,1.0,2.0,2025/26,2026-03-20 10:36:56.738+00,
15200513,Guadalajara,Barcelona,2025-12-16,20:30:00,Copa del Rey,Round of 32,finished,0.0,2.0,2025/26,2026-03-20 10:34:54.904+00,
15200514,Ourense CF,Athletic Club,2025-12-18,18:00:00,Copa del Rey,Round of 32,finished,0.0,1.0,2025/26,2026-03-20 10:36:18.889+00,
15200515,Real Murcia,Real Betis,2025-12-18,20:00:00,Copa del Rey,Round of 32,finished,0.0,2.0,2025/26,2026-03-20 10:35:27.219+00,
15200516,Burgos Club de Fútbol,Getafe,2025-12-18,18:00:00,Copa del Rey,Round of 32,finished,3.0,1.0,2025/26,2026-03-20 10:36:11.466+00,
15200517,Deportivo La Coruña,Mallorca,2025-12-16,18:00:00,Copa del Rey,Round of 32,finished,1.0,0.0,2025/26,2026-03-20 10:37:22.228+00,
15200518,Eibar,Elche,2025-12-16,18:00:00,Copa del Rey,Round of 32,finished,0.0,1.0,2025/26,2026-03-20 10:37:40.685+00,
15200519,CD Eldense,Real Sociedad,2025-12-16,20:00:00,Copa del Rey,Round of 32,finished,1.0,2.0,2025/26,2026-03-20 10:35:49.545+00,
15200520,Cultural Leonesa,Levante UD,2025-12-17,17:00:00,Copa del Rey,Round of 32,finished,1.0,0.0,2025/26,2026-03-20 10:37:48.504+00,
15200521,CD Atlético Baleares,Atlético Madrid,2025-12-17,18:00:00,Copa del Rey,Round of 32,finished,2.0,3.0,2025/26,2026-03-20 10:35:08.115+00,
15200522,Real Racing Club,Villarreal,2025-12-17,18:00:00,Copa del Rey,Round of 32,finished,2.0,1.0,2025/26,2026-03-20 10:35:18.454+00,
15200523,Sporting Gijón,Valencia,2025-12-16,20:00:00,Copa del Rey,Round of 32,finished,0.0,2.0,2025/26,2026-03-20 10:36:56.738+00,
15200524,CF Talavera,Real Madrid,2025-12-17,20:00:00,Copa del Rey,Round of 32,finished,2.0,3.0,2025/26,2026-03-20 10:35:01.71+00,
15200525,Granada,Rayo Vallecano,2026-01-06,18:00:00,Copa del Rey,Round of 32,finished,1.0,3.0,2025/26,2026-03-20 10:36:47.789+00,
15200526,Huesca,Osasuna,2025-12-17,18:00:00,Copa del Rey,Round of 32,finished,2.0,4.0,2025/26,2026-03-20 10:36:30.614+00,
15200527,Albacete Balompié,Celta Vigo,2025-12-17,18:00:00,Copa del Rey,Round of 32,finished,5.0,2.0,2025/26,2026-03-20 10:35:38.51+00,
15200528,Deportivo Alavés,Sevilla,2025-12-17,20:00:00,Copa del Rey,Round of 32,finished,1.0,0.0,2025/26,2026-03-20 10:37:32.738+00,
15327735,Real Racing Club,Barcelona,2026-01-15,20:15:00,Copa del Rey,Round of 16,finished,0.0,2.0,2025/26,2026-03-20 10:34:54.905+00,
15327736,Albacete Balompié,Real Madrid,2026-01-14,20:00:00,Copa del Rey,Round of 16,finished,3.0,2.0,2025/26,2026-03-20 10:35:01.71+00,
15327737,Deportivo La Coruña,Atlético Madrid,2026-01-13,20:00:00,Copa del Rey,Round of 16,finished,0.0,1.0,2025/26,2026-03-20 10:35:08.115+00,
15327738,Deportivo Alavés,Rayo Vallecano,2026-01-14,20:00:00,Copa del Rey,Round of 16,finished,2.0,0.0,2025/26,2026-03-20 10:37:32.738+00,
15327739,Real Betis,Elche,2026-01-14,20:00:00,Copa del Rey,Round of 16,finished,2.0,1.0,2025/26,2026-03-20 10:37:40.685+00,
15327740,Real Sociedad,Osasuna,2026-01-13,20:00:00,Copa del Rey,Round of 16,finished,6.0,5.0,2025/26,2026-03-20 10:36:30.614+00,
15327741,Cultural Leonesa,Athletic Club,2026-01-13,20:00:00,Copa del Rey,Round of 16,finished,3.0,4.0,2025/26,2026-03-20 10:36:18.889+00,
15327742,Burgos Club de Fútbol,Valencia,2026-01-15,20:00:00,Copa del Rey,Round of 16,finished,0.0,2.0,2025/26,2026-03-20 10:36:56.738+00,
15396359,Deportivo Alavés,Real Sociedad,2026-02-04,20:00:00,Copa del Rey,Quarterfinals,finished,2.0,3.0,2025/26,2026-03-20 10:37:32.738+00,
15396360,Real Betis,Atlético Madrid,2026-02-05,20:00:00,Copa del Rey,Quarterfinals,finished,0.0,5.0,2025/26,2026-03-20 10:35:27.219+00,
15396361,Albacete Balompié,Barcelona,2026-02-03,20:00:00,Copa del Rey,Quarterfinals,finished,1.0,2.0,2025/26,2026-03-20 10:34:54.905+00,
15396362,Valencia,Athletic Club,2026-02-04,20:00:00,Copa del Rey,Quarterfinals,finished,1.0,2.0,2025/26,2026-03-20 10:36:56.738+00,
15398993,Levante UD,Villarreal,2026-02-18,19:00:00,La Liga,16,finished,0.0,1.0,2025/26,2026-03-20 10:37:48.504+00,
15452738,Club Brugge KV,Atlético Madrid,2026-02-18,20:00:00,UEFA Champions League,Playoff round,finished,3.0,3.0,2025/26,2026-03-20 10:35:08.115+00,
15452742,Benfica,Real Madrid,2026-02-17,20:00:00,UEFA Champions League,Playoff round,finished,0.0,1.0,2025/26,2026-03-20 10:35:01.71+00,
15452752,Real Madrid,Benfica,2026-02-25,20:00:00,UEFA Champions League,Playoff round,finished,2.0,1.0,2025/26,2026-03-20 10:35:01.71+00,
15452779,Atlético Madrid,Club Brugge KV,2026-02-24,17:45:00,UEFA Champions League,Playoff round,finished,4.0,1.0,2025/26,2026-03-20 10:35:08.115+00,
15453042,PAOK,Celta Vigo,2026-02-19,17:45:00,UEFA Europa League,Playoff round,finished,1.0,2.0,2025/26,2026-03-20 10:35:38.51+00,
15453092,Celta Vigo,PAOK,2026-02-26,20:00:00,UEFA Europa League,Playoff round,finished,1.0,0.0,2025/26,2026-03-20 10:35:38.51+00,
15496188,Athletic Club,Real Sociedad,2026-02-11,20:00:00,Copa del Rey,Semifinals,finished,0.0,1.0,2025/26,2026-03-20 10:36:18.889+00,
15496189,Atlético Madrid,Barcelona,2026-02-12,20:00:00,Copa del Rey,Semifinals,finished,4.0,0.0,2025/26,2026-03-20 10:35:08.115+00,
15496190,Real Sociedad,Athletic Club,2026-03-04,20:00:00,Copa del Rey,Semifinals,finished,1.0,0.0,2025/26,2026-03-20 10:36:18.889+00,
15497189,Barcelona,Atlético Madrid,2026-03-03,20:00:00,Copa del Rey,Semifinals,finished,3.0,0.0,2025/26,2026-03-20 10:35:08.115+00,
15534915,Rayo Vallecano,Real Oviedo,2026-03-04,18:00:00,La Liga,23,finished,3.0,0.0,2025/26,2026-03-20 10:37:55.924+00,
15631329,Real Madrid,Manchester City,2026-03-11,20:00:00,UEFA Champions League,Round of 16,finished,3.0,0.0,2025/26,2026-03-20 10:35:01.71+00,
15631347,Newcastle United,Barcelona,2026-03-10,20:00:00,UEFA Champions League,Round of 16,finished,1.0,1.0,2025/26,2026-03-20 10:34:54.905+00,
15631356,Atlético Madrid,Tottenham Hotspur,2026-03-10,20:00:00,UEFA Champions League,Round of 16,finished,5.0,2.0,2025/26,2026-03-20 10:35:08.115+00,
15631365,Manchester City,Real Madrid,2026-03-17,20:00:00,UEFA Champions League,Round of 16,finished,1.0,2.0,2025/26,2026-03-20 10:35:01.71+00,
15631368,Barcelona,Newcastle United,2026-03-18,17:45:00,UEFA Champions League,Round of 16,finished,7.0,2.0,2025/26,2026-03-20 10:34:54.905+00,
15631370,Tottenham Hotspur,Atlético Madrid,2026-03-18,20:00:00,UEFA Champions League,Round of 16,finished,3.0,2.0,2025/26,2026-03-20 10:35:08.115+00,
15631833,Panathinaikos FC,Real Betis,2026-03-12,17:45:00,UEFA Europa League,Round of 16,finished,1.0,0.0,2025/26,2026-03-20 10:35:27.219+00,
15631835,Celta Vigo,Olympique Lyonnais,2026-03-12,20:00:00,UEFA Europa League,Round of 16,finished,1.0,1.0,2025/26,2026-03-20 10:35:38.51+00,
15631841,Real Betis,Panathinaikos FC,2026-03-19,20:00:00,UEFA Europa League,Round of 16,finished,4.0,0.0,2025/26,2026-03-20 10:35:27.219+00,
15631844,Olympique Lyonnais,Celta Vigo,2026-03-19,17:45:00,UEFA Europa League,Round of 16,finished,0.0,2.0,2025/26,2026-03-20 10:35:38.51+00,
15632048,Samsunspor,Rayo Vallecano,2026-03-12,17:45:00,UEFA Conference League,Round of 16,finished,1.0,3.0,2025/26,2026-03-20 10:36:47.789+00,
15632056,Rayo Vallecano,Samsunspor,2026-03-19,20:00:00,UEFA Conference League,Round of 16,finished,0.0,1.0,2025/26,2026-03-20 10:36:47.789+00,
15632084,Real Madrid,FC Bayern München,2026-04-07,19:00:00,UEFA Champions League,Quarterfinals,scheduled,,,2025/26,2026-03-20 10:35:02.118+00,
15632085,Barcelona,Atlético Madrid,2026-04-08,19:00:00,UEFA Champions League,Quarterfinals,scheduled,,,2025/26,2026-03-20 10:35:08.494+00,
15632088,FC Bayern München,Real Madrid,2026-04-15,19:00:00,UEFA Champions League,Quarterfinals,scheduled,,,2025/26,2026-03-20 10:35:02.118+00,
15632089,Atlético Madrid,Barcelona,2026-04-14,19:00:00,UEFA Champions League,Quarterfinals,scheduled,,,2025/26,2026-03-20 10:35:08.494+00,
15632614,Sporting Braga,Real Betis,2026-04-09,19:00:00,UEFA Europa League,Quarterfinals,scheduled,,,2025/26,2026-03-20 10:35:27.625+00,
15632615,SC Freiburg,Celta Vigo,2026-04-09,19:00:00,UEFA Europa League,Quarterfinals,scheduled,,,2025/26,2026-03-20 10:35:38.892+00,
15632618,Real Betis,Sporting Braga,2026-04-16,19:00:00,UEFA Europa League,Quarterfinals,scheduled,,,2025/26,2026-03-20 10:35:27.625+00,
15632619,Celta Vigo,SC Freiburg,2026-04-16,16:45:00,UEFA Europa League,Quarterfinals,scheduled,,,2025/26,2026-03-20 10:35:38.892+00,
15632639,Rayo Vallecano,AEK Athens,2026-04-09,16:45:00,UEFA Conference League,Quarterfinals,scheduled,,,2025/26,2026-03-20 10:36:48.158+00,
15632643,AEK Athens,Rayo Vallecano,2026-04-16,19:00:00,UEFA Conference League,Quarterfinals,scheduled,,,2025/26,2026-03-20 10:36:48.158+00,
15664537,Atlético Madrid,Real Sociedad,2026-04-18,19:00:00,Copa del Rey,Final,scheduled,,,2025/26,2026-03-20 10:35:49.94+00,
